RegistryDate,Sampling,Site,EnvironmentID,EnvType,Subsystem,Aeschynomene_sensitiva,Alternanthera_philoxeroides,Bacopa_sp,Caperonia_casteinifolia,Cleome_hassleriana,Commelina diffusa,Commelina_sp,Cuphea_sp,Cyperus_giganteum,Cyperus_sp,Diodia_sp,Echinochloa_sp,Eclipta_alba,Erechtites_hieraciifolius,Fuirena_sp,Hydrocotyle_sp1,Hibiscu striatus,Hydrolea_spinosa,Hygrophylla_cf_costata,Ipomoea_sp,Leersia_hexandra,Ludwigia_sp,Melochia_arenosa,Neptunia_plena,Pfaffia_sp,Ranunculus_bonariensis,Rhynchospora_sp,Scleria_melaleuca,Spermacoce_sp,Cyclosorus interruptus,Typha_domingensis,Vigna_lasiocarpa,Xyris_sp,Echinodorus_sp,Eleocharis_sp,Habenaria_repens,Heteranthera_sp1,Hydrocotyle_ranunculoides,Hymenachne_amplexicaulis,Limnocharis_sp,Lindernia_sp,Cyperus_blepharoleptus,Hymenachne_pernambucensis,Panicum_sp,Paspalum_repens,Phyllanthus_niruri,Polygonum_acuminatum,Polygonum_ferrugineum,Polygonum_cf_hydropiperoides,Polygonum_meisnerianum,Polygonum_punctatum,Polygonum_stelligerum,Polygonum_sp,Pontederia_cordata,Pontederia_triflora,Sagittaria_montevidensis,Thalia_geniculata,Urochloa_arrecta,Eicchornia_azurea,Hydrocleys_nymphoides,Nymphaea_amazonum,Nymphoides_indica,Pontederia_parviflora,Cabomba_furcata,Ceratophyllum_demersum,Chara_sp,Chara_cf_guairensis,Egeria_densa,Egeria_najas,Hydrilla_verticillata,Myriophyllum_sp,Najas_microcarpa,Nitella_sp,Rotala_sp,Utricularia_foliosa,Utricularia_gibba,Azolla_filiculoides,Eicchornia_crassipes,Lemna_sp,Limnobium_laevigatum,Ludwigia grandiflora,Ludwigia_sp,Ludwigia_helminthorrhyza,Ludwigia lagunae,Ludwigia octavalves,Pistia_stratiotes,Ricciocarpus_natans,Salvinia_auriculata,herzogii,Salvinia_minima,Wolffia_sp,Wolfiella_sp,Wolffiella lingulata,Cissus erosa ,Cyclantera hystrix,Leersia hexandra,Ipomoea_cairica,Mimosa_setosa,Mimosa_pigra,Lemna_minuta,Eclipta_alba,Ipomoea_alba,Ludwigia_leptocarpa,Ipomoea_fimbriosepala,Cyperus_odoratus,Ryncospora corymbosa,Oxypetalum_sp.,Polygonum_persicaria,Myriophyllum_aquaticum,Lindernia_rotundifolia,Floscopa_glabrata
2002_3_4,1,LGAR,1,C,Parana,0,0,0,0,0,,0,0,,0,0,0,0,0,0,0,,0,0,0,0,0,0,0,0,0,0,0,0,0,0,,0,0,0,0,0,0,0,0,0,0,0,0,1,,1,1,0,0,0,1,0,0,0,0,0,1,1,0,1,0,0,0,0,0,0,0,0,0,0,0,0,0,0,0,0,0,0,0,,0,0,,,0,0,1,0,0,0,0,,,,,,,,,,,,,,,,,,,
2002_5_7,2,LGAR,1,C,Parana,0,0,0,0,0,,0,0,,0,0,0,0,0,0,0,,0,0,0,0,1,0,0,0,0,0,0,0,0,0,,0,0,0,0,0,0,0,0,0,0,0,0,1,,0,1,0,0,0,1,1,0,0,0,0,0,1,0,1,0,0,0,0,0,0,0,0,0,0,0,0,0,0,0,0,0,0,0,,0,0,,,0,0,1,0,0,0,0,,,,,,,,,,,,,,,,,,,
2002_8_4,3,LGAR,1,C,Parana,0,0,0,0,0,,1,0,,1,0,0,0,0,0,0,,0,0,0,0,1,0,0,0,0,0,0,0,0,0,,0,0,0,0,0,0,0,0,0,0,0,0,1,,0,1,0,0,0,1,1,0,0,0,0,1,1,0,0,1,0,0,0,0,0,0,0,0,0,0,0,0,0,0,0,0,0,0,,0,0,,,0,0,1,0,0,0,0,,,,,,,,,,,,,,,,,,,
2002_11_8,4,LGAR,1,C,Parana,0,0,0,0,0,,0,0,,1,0,0,0,0,0,0,,0,0,0,0,1,0,0,0,0,0,0,0,0,0,,0,0,0,0,0,0,0,0,0,0,0,0,0,,0,1,0,0,0,1,1,0,0,0,0,0,1,0,1,0,0,1,0,0,0,0,1,0,0,1,0,0,0,0,0,0,0,0,,0,0,,,0,0,1,0,0,0,0,,,,,,,,,,,,,,,,,,,
2002_5_7,2,LGUA,2,C,Baia,0,0,0,0,0,,0,0,,0,0,0,0,0,0,0,,0,0,0,0,0,0,0,0,0,0,0,0,0,0,,0,0,0,0,0,1,0,0,0,0,0,0,1,,0,1,0,0,0,1,1,0,0,0,0,0,1,0,1,0,0,0,0,0,0,0,0,0,1,0,0,0,0,0,0,1,0,1,,0,0,,,1,0,0,1,1,0,0,,,,,,,,,,,,,,,,,,,
2002_3_3,1,LGUA,2,C,Baia,0,0,0,0,0,,0,0,,0,0,0,0,0,0,0,,0,0,0,0,0,0,0,0,0,0,0,0,0,0,,0,0,0,0,0,1,0,0,0,0,0,0,1,,0,1,0,0,0,0,1,0,0,0,0,0,1,0,1,0,0,0,0,0,0,0,0,0,0,0,0,0,1,0,0,1,0,1,,0,0,,,1,0,1,1,1,0,0,,,,,,,,,,,,,,,,,,,
2002_8_3,3,LGUA,2,C,Baia,0,1,1,0,0,,0,0,,0,0,0,0,0,0,0,,0,0,0,0,1,0,0,0,0,0,0,0,0,0,,0,0,0,0,0,1,0,0,0,1,0,0,1,,1,1,0,0,1,0,0,0,0,0,0,0,1,0,0,1,0,1,0,0,0,0,0,0,1,0,0,0,1,0,0,1,0,1,,0,0,,,0,1,1,1,1,0,0,,,,,,,,,,,,,,,,,,,
2002_11_7,4,LGUA,2,C,Baia,0,0,0,0,0,,0,0,,0,0,0,0,0,0,0,,0,0,0,0,1,0,0,0,0,0,0,0,0,0,,0,0,0,0,0,1,0,0,0,1,0,0,1,,1,1,0,0,1,0,0,0,0,0,0,0,1,0,1,0,0,0,0,0,0,0,0,0,1,0,0,0,1,0,0,1,0,1,,0,0,,,1,0,0,1,1,0,1,,,,,,,,,,,,,,,,,,,
2002_3_1,1,LPAT,3,C,Ivinhema,0,0,0,0,0,,0,0,,0,0,0,0,0,0,0,,0,0,0,0,0,0,0,0,0,0,0,0,0,0,,0,0,0,0,0,0,0,0,0,0,0,0,0,,0,0,0,0,0,0,0,0,0,0,0,0,0,0,0,0,0,0,0,0,0,0,0,0,0,0,0,0,0,0,0,0,0,0,,0,0,,,0,0,0,0,0,0,0,,,,,,,,,,,,,,,,,,,
2002_5_5,2,LPAT,3,C,Ivinhema,0,0,0,0,0,,0,0,,0,0,0,0,0,0,0,,0,0,0,0,0,0,0,0,0,0,0,0,0,0,,0,0,0,0,0,1,0,0,0,0,0,0,0,,0,1,0,0,0,1,0,0,0,0,0,0,1,0,1,0,0,0,0,0,0,0,0,0,0,0,0,0,0,0,0,1,0,0,,0,0,,,1,0,1,1,1,0,0,,,,,,,,,,,,,,,,,,,
2002_8_1,3,LPAT,3,C,Ivinhema,0,0,0,0,0,,0,0,,0,0,0,0,0,0,0,,0,0,0,0,1,0,0,0,0,0,0,0,0,0,,0,0,0,0,0,1,0,0,0,1,0,0,0,,1,1,0,0,0,0,0,0,0,0,0,0,1,0,1,1,0,0,0,0,0,0,0,0,0,0,0,0,0,0,0,1,0,0,,0,0,,,0,0,1,1,1,0,0,,,,,,,,,,,,,,,,,,,
2002_11_5,4,LPAT,3,C,Ivinhema,0,0,0,0,0,,0,0,,0,0,0,0,0,0,0,,0,0,0,0,0,0,0,0,0,0,0,0,0,0,,0,0,0,0,0,1,0,0,0,1,0,0,0,,0,1,0,0,0,0,1,0,0,0,0,0,1,0,0,0,0,0,0,0,0,0,0,0,0,0,0,0,0,0,0,1,0,0,,0,0,,,0,0,1,1,1,0,0,,,,,,,,,,,,,,,,,,,
2002_3_3,1,LOSM,4,I,Parana,0,0,0,0,0,,1,0,,0,0,0,0,0,0,0,,0,0,0,0,0,0,0,0,0,0,0,0,0,0,,0,0,0,0,0,0,0,0,0,0,0,0,1,,0,1,0,0,0,0,1,0,0,0,0,0,0,0,1,0,0,0,0,0,0,0,0,0,0,0,0,0,1,0,0,0,0,0,,0,0,,,0,0,0,0,0,0,0,,,,,,,,,,,,,,,,,,,
2002_5_7,2,LOSM,4,I,Parana,0,0,0,0,0,,1,0,,0,0,0,0,0,0,0,,0,0,0,0,0,0,0,0,0,0,0,0,0,0,,0,0,0,0,0,0,0,0,0,0,0,0,0,,0,0,0,0,0,0,1,1,0,0,0,0,0,0,1,0,0,0,0,0,0,0,0,0,0,0,0,0,1,0,0,0,0,0,,0,0,,,0,0,0,0,0,0,0,,,,,,,,,,,,,,,,,,,
2002_8_4,3,LOSM,4,I,Parana,0,1,0,0,0,,1,0,,0,0,0,0,0,0,0,,0,0,0,0,1,0,0,0,0,0,0,0,0,0,,0,0,0,0,0,0,0,0,0,0,0,0,0,,1,1,0,0,0,0,0,0,0,0,0,0,0,0,0,0,0,0,0,0,0,0,0,0,0,0,0,0,1,0,0,0,0,0,,0,0,,,0,0,0,0,0,0,0,,,,,,,,,,,,,,,,,,,
2002_11_8,4,LOSM,4,I,Parana,0,0,0,0,0,,0,0,,0,0,0,0,0,0,0,,0,0,0,0,1,0,0,0,0,0,0,0,0,0,,0,0,0,0,0,0,0,0,0,0,0,0,0,,1,1,0,0,1,0,0,0,0,0,0,0,0,0,1,0,0,0,0,0,0,0,0,0,0,0,0,0,1,0,0,0,0,0,,0,0,,,0,0,0,0,0,0,0,,,,,,,,,,,,,,,,,,,
2002_3_4,1,LFEC,5,I,Baia,0,0,0,0,0,,1,0,,0,0,0,0,0,0,0,,0,0,0,0,0,0,0,0,0,0,0,0,0,0,,0,0,0,0,0,0,0,0,0,0,0,0,0,,1,0,0,0,0,1,0,0,0,0,0,1,1,0,1,0,0,0,0,0,0,0,0,0,0,0,0,0,0,1,0,0,0,0,,0,0,,,1,0,1,0,0,0,0,,,,,,,,,,,,,,,,,,,
2002_5_7,2,LFEC,5,I,Baia,0,0,0,0,0,,0,0,,0,0,0,0,0,0,0,,0,0,0,0,0,0,0,0,0,0,0,0,0,0,,0,0,0,0,0,1,0,0,0,0,0,0,0,,0,0,0,0,0,0,0,0,0,0,0,0,1,0,0,0,0,0,0,0,0,0,0,0,0,0,0,0,0,0,0,0,0,1,,0,0,,,1,0,0,1,1,0,0,,,,,,,,,,,,,,,,,,,
2002_8_3,3,LFEC,5,I,Baia,0,1,0,0,0,,0,0,,0,0,1,0,0,0,0,,0,0,0,0,1,0,0,0,0,0,0,0,0,0,,0,0,0,0,0,0,0,0,0,1,0,0,0,,0,0,0,0,0,1,1,0,0,0,0,0,1,0,0,0,0,0,0,0,0,0,0,0,0,0,0,0,0,0,0,1,0,0,,0,0,,,1,0,1,0,1,0,0,,,,,,,,,,,,,,,,,,,
2002_11_7,4,LFEC,5,I,Baia,0,1,0,0,0,,1,0,,0,0,0,0,0,0,0,,0,0,0,0,1,0,0,0,0,0,0,0,0,0,,0,0,0,0,0,0,0,0,0,0,0,0,0,,0,0,0,0,1,1,0,0,0,0,0,0,0,0,0,0,0,0,0,0,0,0,0,0,0,0,0,0,0,0,0,1,0,0,,0,0,,,1,0,0,0,1,0,0,,,,,,,,,,,,,,,,,,,
2002_3_2,1,LVEN,6,I,Ivinhema,0,0,0,0,0,,0,0,,0,0,0,0,0,0,0,,0,0,0,0,0,0,0,0,0,0,0,0,0,0,,0,0,0,0,0,0,0,0,0,0,0,0,0,,0,0,0,0,0,0,0,0,0,0,0,0,0,0,0,0,0,0,0,0,0,0,0,0,0,0,0,0,0,0,0,0,0,0,,0,0,,,0,0,0,0,0,0,0,,,,,,,,,,,,,,,,,,,
2002_5_5,2,LVEN,6,I,Ivinhema,0,0,0,0,0,,0,0,,0,0,0,0,0,0,0,,0,0,0,0,0,0,0,0,0,0,0,0,0,0,,0,0,0,0,0,1,0,0,0,0,0,0,0,,0,0,0,0,0,1,0,0,0,0,0,0,1,0,0,0,0,0,0,0,0,0,0,0,0,0,0,0,0,0,0,1,0,0,,0,0,,,1,0,0,0,1,0,0,,,,,,,,,,,,,,,,,,,
2002_8_1,3,LVEN,6,I,Ivinhema,0,0,0,0,0,,0,0,,1,0,0,0,0,0,0,,0,0,0,0,0,0,0,0,0,0,0,0,0,0,,0,0,0,0,0,0,0,0,0,0,0,0,0,,0,0,0,0,0,0,0,0,0,0,1,0,1,0,0,0,0,0,0,0,0,0,0,0,0,0,0,0,0,0,0,1,0,0,,0,0,,,1,0,1,0,0,0,0,,,,,,,,,,,,,,,,,,,
2002_11_5,4,LVEN,6,I,Ivinhema,0,0,0,0,0,,1,0,,0,0,0,0,0,0,0,,0,0,0,0,1,0,0,0,0,0,0,0,0,0,,0,0,0,0,0,1,0,0,0,1,0,0,0,,0,1,0,0,0,1,0,1,0,0,0,0,1,0,1,0,0,0,0,0,0,0,0,0,0,0,0,0,0,0,0,1,0,0,,0,0,,,1,0,1,0,0,0,0,,,,,,,,,,,,,,,,,,,
2003_3_10,1,LGAR,1,C,Parana,0,0,0,0,0,,1,0,,0,0,0,0,0,0,0,,0,0,0,0,0,0,0,0,0,0,0,0,0,0,,0,0,0,0,0,0,0,0,0,0,0,0,1,,1,1,0,0,0,1,0,0,0,0,0,0,1,0,1,0,0,1,1,0,1,0,1,0,0,1,0,0,0,0,0,0,0,0,,0,0,,,0,0,1,0,1,0,0,,,,,,,,,,,,,,,,,,,
2003_9_6,3,LGAR,1,C,Parana,0,0,0,0,0,,0,0,,1,0,0,0,0,0,0,,0,0,0,0,0,0,0,0,0,0,0,0,0,0,,0,0,0,0,0,0,0,0,0,1,0,0,0,,0,1,0,0,0,0,0,0,0,0,0,0,1,0,1,0,0,1,0,0,0,0,1,0,0,1,0,0,0,0,0,0,0,0,,0,0,,,0,0,1,0,1,0,0,,,,,,,,,,,,,,,,,,,
2003_3_9,1,LGUA,2,C,Baia,0,0,0,0,0,,1,0,,0,0,0,0,0,0,0,,0,0,0,0,0,0,0,0,0,0,0,0,0,0,,0,0,0,0,0,1,0,0,0,0,0,0,1,,1,1,0,0,1,1,0,0,0,0,0,0,0,0,1,1,0,0,0,0,0,0,0,0,0,0,0,0,1,0,0,1,1,1,,0,0,,,1,0,1,1,1,0,1,,,,,,,,,,,,,,,,,,,
2003_9_5,3,LGUA,2,C,Baia,0,0,0,0,0,,0,0,,0,0,0,0,0,0,0,,0,0,0,0,0,0,0,0,0,0,0,0,0,0,,0,0,0,0,0,1,0,0,0,1,0,0,1,,0,1,0,0,1,0,0,0,0,0,0,0,1,0,0,0,0,0,0,0,0,0,0,0,0,1,0,0,1,0,1,1,1,1,,0,0,,,1,0,1,1,1,0,1,,,,,,,,,,,,,,,,,,,
2003_3_7,1,LPAT,3,C,Ivinhema,0,0,0,0,0,,0,0,,0,0,0,0,0,0,0,,0,0,0,0,0,0,0,0,0,0,0,0,0,0,,0,0,0,0,0,1,0,0,0,0,0,0,1,,1,1,0,0,0,1,0,0,0,0,0,0,1,0,1,0,0,0,0,0,0,0,0,0,0,0,0,0,0,0,0,1,0,0,,0,0,,,0,0,1,1,1,0,0,,,,,,,,,,,,,,,,,,,
2003_9_3,3,LPAT,3,C,Ivinhema,0,0,0,0,0,,0,0,,0,0,0,0,0,0,0,,0,0,0,0,0,0,0,0,0,0,0,0,0,0,,0,0,0,0,0,1,0,0,0,1,0,0,1,,0,1,1,0,0,0,0,0,0,0,0,0,1,0,0,0,0,0,0,0,0,0,0,0,0,0,0,0,0,0,0,1,1,0,,0,0,,,1,0,1,1,1,0,1,,,,,,,,,,,,,,,,,,,
2003_3_10,1,LOSM,4,I,Parana,0,0,0,0,0,,0,0,,0,0,0,0,0,0,0,,0,0,0,0,0,0,0,0,0,0,0,0,0,0,,0,0,0,0,0,0,0,0,0,0,0,0,1,,0,1,0,0,1,0,0,1,0,0,0,0,0,0,1,0,0,0,0,0,0,0,0,0,0,0,0,0,1,0,0,0,0,0,,0,0,,,0,0,0,0,0,0,0,,,,,,,,,,,,,,,,,,,
2003_9_6,3,LOSM,4,I,Parana,0,1,0,0,0,,1,0,,0,0,0,0,0,0,0,,0,0,0,0,1,0,0,0,0,0,0,0,0,0,,0,1,0,0,0,0,0,0,0,0,0,0,0,,0,1,0,0,1,0,0,1,0,0,0,0,0,0,1,0,0,0,0,0,0,0,0,0,0,0,1,0,1,0,0,0,0,0,,0,0,,,0,0,0,0,0,0,0,,,,,,,,,,,,,,,,,,,
2003_3_9,1,LFEC,5,I,Baia,0,0,0,0,0,,1,0,,0,0,0,0,0,0,0,,0,0,0,0,0,0,0,0,0,0,0,0,0,0,,0,0,0,0,0,1,0,0,0,0,0,0,0,,1,1,0,0,1,1,0,0,0,0,0,0,0,0,1,0,0,0,0,0,0,0,0,0,0,0,0,0,0,1,0,1,0,0,,0,0,,,1,0,1,1,1,0,1,,,,,,,,,,,,,,,,,,,
2003_9_5,3,LFEC,5,I,Baia,0,1,0,0,0,,0,0,,0,0,0,0,0,0,0,,0,0,0,0,0,0,0,0,0,0,0,0,0,0,,0,1,0,0,0,1,0,0,0,1,0,0,0,,0,1,0,0,1,1,0,0,0,0,0,0,1,0,0,0,0,0,0,0,0,0,0,0,0,0,0,0,0,1,0,1,0,0,,0,0,,,1,0,0,0,1,0,1,,,,,,,,,,,,,,,,,,,
2003_3_7,1,LVEN,6,I,Ivinhema,0,0,0,0,0,,0,0,,0,0,0,0,0,0,0,,0,0,0,0,0,0,0,0,0,0,0,0,0,0,,0,0,0,0,0,0,0,0,0,0,0,0,0,,1,0,0,0,1,1,0,0,0,0,0,0,1,0,0,0,0,0,0,0,0,0,0,0,0,0,0,0,0,0,0,1,0,0,,0,0,,,1,0,1,0,1,0,0,,,,,,,,,,,,,,,,,,,
2003_9_3,3,LVEN,6,I,Ivinhema,0,0,0,0,0,,0,0,,0,0,0,0,0,0,0,,0,0,0,0,1,0,0,0,0,0,0,0,0,0,,0,0,0,0,0,0,0,0,0,1,0,0,0,,0,1,0,0,0,1,0,1,0,0,0,0,1,0,0,0,0,0,0,0,0,0,0,0,0,0,0,0,0,0,0,1,1,0,,0,0,,,1,0,1,0,0,0,0,,,,,,,,,,,,,,,,,,,
2004_3_9,1,LGAR,1,C,Parana,0,0,0,0,0,,0,0,,0,0,0,0,0,0,0,,0,0,0,0,0,0,0,0,0,0,0,0,0,0,,0,0,0,0,0,0,0,0,0,1,0,0,0,,0,1,0,0,0,0,1,0,0,0,0,0,1,0,1,0,0,1,0,0,0,0,1,0,0,0,0,0,0,0,0,0,0,0,,0,0,,,0,0,1,0,0,0,0,,,,,,,,,,,,,,,,,,,
2004_6_18,2,LGAR,1,C,Parana,0,0,0,0,0,,0,0,,1,0,0,0,0,0,0,,0,0,0,0,1,0,0,0,0,0,0,0,0,0,,0,0,0,0,0,0,0,0,0,1,0,0,1,,0,1,0,0,0,1,0,0,0,0,0,0,1,0,1,0,0,1,0,0,0,0,1,0,0,0,0,0,0,0,0,0,0,0,,0,0,,,0,0,1,0,0,0,0,,,,,,,,,,,,,,,,,,,
2004_9_25,3,LGAR,1,C,Parana,0,0,0,0,0,,1,0,,1,0,0,0,0,0,0,,0,0,0,0,0,0,0,0,0,0,0,0,0,0,,0,0,0,0,0,0,0,0,0,1,0,0,0,,1,1,0,0,0,0,0,0,0,0,0,0,1,0,1,0,0,1,0,0,0,0,1,0,0,0,0,0,0,0,0,0,0,0,,0,0,,,0,0,1,0,0,0,0,,,,,,,,,,,,,,,,,,,
2004_12_4,4,LGAR,1,C,Parana,0,0,0,0,0,,0,0,,1,0,0,0,0,0,0,,0,0,0,0,1,0,0,0,0,0,0,0,0,0,,0,0,0,0,0,0,0,0,0,1,0,0,1,,1,1,0,0,0,1,0,0,0,0,0,0,1,0,1,0,0,1,0,0,0,0,1,0,0,0,0,0,0,0,0,0,0,0,,0,0,,,0,0,1,0,1,0,0,,,,,,,,,,,,,,,,,,,
2004_3_8,1,LGUA,2,C,Baia,0,1,1,0,0,,1,0,,0,0,0,0,0,0,0,,0,0,0,0,0,0,0,0,0,0,0,0,0,0,,0,0,0,0,0,1,0,0,0,1,0,0,1,,0,1,0,0,1,0,1,0,0,0,0,0,1,0,1,0,0,0,0,0,0,0,0,0,0,0,0,0,1,0,0,1,0,1,,0,0,,,1,0,1,1,1,0,0,,,,,,,,,,,,,,,,,,,
2004_6_18,2,LGUA,2,C,Baia,0,0,0,0,0,,0,0,,0,0,0,0,0,0,0,,0,0,0,0,1,0,0,0,0,0,0,0,0,0,,0,0,0,0,0,1,0,0,0,1,0,0,1,,1,1,0,0,1,1,0,0,0,0,0,0,1,0,1,0,0,0,0,0,0,0,0,0,1,0,0,0,1,0,0,1,0,1,,0,0,,,1,0,1,1,1,0,1,,,,,,,,,,,,,,,,,,,
2004_9_24,3,LGUA,2,C,Baia,0,0,1,0,0,,1,0,,0,0,0,0,0,0,0,,0,0,0,0,1,0,0,0,0,0,0,0,0,0,,0,0,0,0,0,1,0,0,0,1,0,0,1,,0,1,0,0,1,1,0,0,0,0,0,0,1,0,1,0,0,0,0,0,0,0,0,0,1,0,0,0,1,0,0,1,0,1,,0,0,,,1,0,1,1,1,0,1,,,,,,,,,,,,,,,,,,,
2004_12_3,4,LGUA,2,C,Baia,0,1,0,0,0,,1,0,,0,0,1,0,0,0,0,,0,0,0,0,1,0,0,0,0,0,0,0,0,0,,0,0,0,0,0,1,0,0,0,1,0,0,1,,0,1,0,0,1,1,1,0,0,0,0,0,1,0,1,0,0,1,0,0,0,0,0,0,0,0,0,0,1,0,0,1,0,1,,0,0,,,1,0,1,1,1,0,1,,,,,,,,,,,,,,,,,,,
2004_3_6,1,LPAT,3,C,Ivinhema,0,0,0,0,0,,0,0,,0,0,0,0,0,0,0,,0,0,0,0,0,0,0,0,0,0,0,0,0,0,,0,0,0,0,0,1,0,0,0,1,0,0,1,,0,0,0,0,0,0,0,0,0,0,0,0,1,0,0,0,0,0,0,0,0,0,0,0,0,0,0,0,0,0,0,1,0,0,,0,0,,,0,0,1,1,1,0,0,,,,,,,,,,,,,,,,,,,
2004_6_16,2,LPAT,3,C,Ivinhema,0,0,0,0,0,,0,0,,0,0,0,0,0,0,0,,0,0,0,0,0,0,0,0,0,0,0,0,0,0,,0,0,0,0,0,1,0,0,0,1,0,0,0,,1,1,0,0,0,0,0,0,0,0,0,0,1,0,0,0,0,0,0,0,0,0,0,0,0,0,0,0,0,0,0,1,0,0,,0,0,,,1,0,1,1,1,0,1,,,,,,,,,,,,,,,,,,,
2004_9_22,3,LPAT,3,C,Ivinhema,0,0,0,0,0,,0,0,,0,0,0,0,0,0,0,,0,0,0,0,0,0,0,0,0,0,0,0,0,0,,0,0,0,0,0,1,0,0,0,1,0,0,0,,1,1,0,0,0,0,0,0,0,0,0,0,1,0,0,0,0,0,0,0,0,0,0,0,0,0,0,0,1,0,0,1,1,0,,0,0,,,0,0,1,0,1,0,1,,,,,,,,,,,,,,,,,,,
2004_12_1,4,LPAT,3,C,Ivinhema,0,0,0,0,0,,1,0,,0,0,0,0,0,0,0,,0,0,0,0,0,0,0,0,0,0,0,0,0,0,,0,0,0,0,0,1,0,0,0,1,0,0,0,,1,0,1,0,1,0,0,0,0,0,0,0,1,0,0,0,0,0,0,0,0,0,0,0,0,0,0,0,0,0,0,1,0,0,,0,0,,,0,0,1,1,1,0,0,,,,,,,,,,,,,,,,,,,
2004_3_9,1,LOSM,4,I,Parana,0,0,0,0,0,,0,0,,0,0,0,0,0,0,0,,0,0,0,0,0,0,0,0,0,1,0,0,0,0,,0,0,0,0,0,0,0,0,0,0,0,0,1,,0,1,1,0,1,0,0,1,0,0,0,0,0,0,1,0,0,0,0,0,0,0,0,0,0,0,0,0,0,0,0,0,0,0,,0,0,,,0,0,0,0,0,0,0,,,,,,,,,,,,,,,,,,,
2004_6_18,2,LOSM,4,I,Parana,0,0,0,0,0,,1,0,,1,0,0,0,0,0,0,,0,0,0,0,0,0,0,0,0,0,0,0,0,0,,0,0,0,0,0,0,0,0,0,0,0,0,1,,0,1,0,0,1,0,0,1,0,0,0,0,0,0,0,0,0,0,0,0,0,0,0,0,0,0,0,0,0,0,0,0,0,0,,0,0,,,0,0,0,0,0,0,0,,,,,,,,,,,,,,,,,,,
2004_9_25,3,LOSM,4,I,Parana,0,1,0,0,0,,1,0,,0,0,0,0,0,0,0,,0,0,0,0,1,0,0,0,0,0,0,0,0,0,,0,0,0,0,0,0,0,0,0,0,0,0,1,,1,1,0,0,1,0,0,1,0,0,0,0,0,0,1,0,0,0,0,0,0,0,0,0,0,0,0,0,0,0,0,0,0,0,,0,0,,,0,0,0,0,0,0,0,,,,,,,,,,,,,,,,,,,
2004_12_4,4,LOSM,4,I,Parana,0,1,0,0,0,,1,0,,0,0,0,0,0,0,0,,0,0,0,0,0,0,0,0,0,1,0,0,0,0,,0,0,0,0,0,0,0,0,0,0,0,0,1,,0,1,0,0,1,0,0,1,0,0,0,0,0,0,1,0,0,0,0,0,0,0,0,0,0,0,0,0,0,0,0,0,0,0,,0,0,,,0,0,0,0,0,0,0,,,,,,,,,,,,,,,,,,,
2004_3_8,1,LFEC,5,I,Baia,0,1,0,0,0,,0,0,,0,0,0,0,0,0,0,,0,0,0,0,0,0,0,0,0,0,0,0,0,0,,0,0,0,0,0,0,0,0,0,1,0,0,0,,0,0,0,0,0,1,0,1,0,0,0,0,0,0,0,0,0,0,0,0,0,0,0,0,0,0,0,0,0,1,0,1,1,0,,0,0,,,1,0,1,0,1,0,1,,,,,,,,,,,,,,,,,,,
2004_6_18,2,LFEC,5,I,Baia,0,0,0,0,0,,1,0,,0,0,0,0,0,0,0,,0,0,0,0,1,0,0,0,0,0,0,0,0,0,,0,0,0,0,0,0,0,0,0,1,0,0,0,,0,0,0,0,1,1,0,0,0,0,0,0,0,0,0,0,0,0,0,0,0,0,0,0,0,0,0,0,0,1,0,1,0,0,,0,0,,,1,0,1,0,1,0,1,,,,,,,,,,,,,,,,,,,
2004_9_24,3,LFEC,5,I,Baia,0,1,0,0,0,,1,0,,0,0,0,0,0,0,1,,0,0,0,0,1,0,0,0,0,0,0,0,0,0,,0,0,0,0,0,0,0,0,0,1,0,0,0,,0,0,0,0,1,1,0,0,0,0,0,0,0,0,0,0,0,0,0,0,0,0,0,0,0,0,0,0,0,0,0,1,0,0,,0,0,,,1,0,0,1,1,0,1,,,,,,,,,,,,,,,,,,,
2004_12_3,4,LFEC,5,I,Baia,0,1,0,0,0,,0,0,,0,0,0,0,0,0,0,,0,0,0,0,1,0,0,0,0,0,0,0,0,0,,0,1,0,0,0,1,0,0,0,1,0,0,0,,0,0,0,0,1,1,0,0,0,0,0,0,0,0,1,0,0,0,0,0,0,0,0,0,0,0,0,0,0,1,0,1,0,0,,0,0,,,1,0,1,0,1,0,1,,,,,,,,,,,,,,,,,,,
2004_3_6,1,LVEN,6,I,Ivinhema,0,0,0,0,0,,0,0,,1,0,0,0,0,0,0,,0,0,0,0,0,0,0,0,0,1,0,0,0,0,,0,0,0,0,0,0,0,0,0,1,0,0,0,,0,0,0,0,0,1,0,0,0,0,1,0,1,0,0,0,0,0,0,0,0,0,0,0,0,0,0,0,0,0,0,1,0,0,,0,0,,,0,0,0,0,0,0,0,,,,,,,,,,,,,,,,,,,
2004_6_16,2,LVEN,6,I,Ivinhema,0,0,0,0,0,,0,0,,1,0,0,0,0,0,0,,0,0,0,0,0,0,0,0,0,0,0,0,0,0,,0,0,0,0,0,0,0,0,0,1,0,0,0,,0,0,0,0,0,1,0,0,0,0,0,0,1,0,0,0,0,0,0,0,0,0,0,0,0,0,0,0,0,0,0,1,0,0,,0,0,,,0,0,0,0,0,0,0,,,,,,,,,,,,,,,,,,,
2004_9_22,3,LVEN,6,I,Ivinhema,0,0,0,0,0,,1,0,,0,0,0,0,0,0,0,,0,0,0,0,0,0,0,0,0,0,0,0,0,0,,0,0,0,0,0,1,0,0,0,1,0,0,0,,0,0,0,0,0,1,0,0,0,0,1,0,1,0,0,0,0,0,0,0,0,0,0,0,0,0,0,0,0,0,0,1,0,0,,0,0,,,1,0,0,0,1,0,0,,,,,,,,,,,,,,,,,,,
2004_12_1,4,LVEN,6,I,Ivinhema,0,0,0,0,0,,0,0,,0,0,0,0,0,0,0,,0,0,0,0,0,0,0,0,0,0,0,0,0,0,,0,0,0,0,0,1,0,0,0,1,0,0,0,,1,0,0,0,1,1,0,1,0,0,1,0,1,0,0,0,0,0,0,0,0,0,0,0,0,0,0,0,0,0,0,1,0,0,,0,0,,,1,0,0,1,0,0,0,,,,,,,,,,,,,,,,,,,
2005_3_5,1,LGAR,1,C,Parana,0,0,0,0,0,,0,0,,1,0,0,0,0,0,0,,0,0,0,0,1,0,0,0,0,0,0,0,0,0,,0,0,0,0,0,0,0,0,0,1,0,0,0,,1,1,0,0,0,1,0,0,0,0,0,0,1,0,1,0,0,1,0,0,0,0,1,0,1,0,0,0,0,0,0,0,0,0,,0,0,,,0,0,1,0,1,0,0,,,,,,,,,,,,,,,,,,,
2005_6_11,2,LGAR,1,C,Parana,0,0,0,0,0,,1,0,,1,0,0,0,0,0,0,,0,0,0,0,1,0,0,0,0,0,0,0,0,0,,0,0,0,0,0,0,0,0,0,1,0,0,1,,1,1,0,0,0,1,0,0,0,0,0,0,1,0,1,0,0,1,0,0,0,0,1,0,0,0,0,0,1,0,0,1,0,0,,0,0,,,0,0,1,0,1,0,0,,,,,,,,,,,,,,,,,,,
2005_9_17,3,LGAR,1,C,Parana,0,0,0,0,0,,0,0,,1,0,0,0,0,0,0,,0,0,0,0,1,0,0,0,0,0,0,0,0,0,,0,0,0,0,0,0,0,0,0,1,0,0,1,,1,1,1,0,0,1,0,0,0,0,0,1,1,0,1,0,0,1,0,0,0,0,1,0,0,0,0,0,1,0,0,0,0,0,,0,0,,,0,0,1,0,0,0,0,,,,,,,,,,,,,,,,,,,
2005_12_10,4,LGAR,1,C,Parana,0,0,0,0,0,,0,0,,1,0,0,0,0,0,0,,0,0,0,0,1,0,0,0,0,0,0,0,0,0,,0,0,0,0,0,0,0,0,0,1,0,0,1,,0,1,1,0,0,1,0,0,0,0,0,0,1,0,1,0,0,1,0,0,0,0,1,0,0,0,0,0,1,0,0,0,0,0,,0,0,,,0,0,1,0,0,0,0,,,,,,,,,,,,,,,,,,,
2005_3_4,1,LGUA,2,C,Baia,0,1,0,0,0,,0,0,,0,0,0,0,0,0,0,,0,0,0,0,1,0,0,0,0,1,0,0,0,0,,0,0,0,0,0,1,0,0,0,1,0,0,1,,0,1,1,0,1,1,0,0,0,0,0,0,1,0,1,0,0,1,0,0,0,0,0,0,1,0,0,0,1,0,0,1,0,1,,0,0,,,1,0,1,1,1,0,0,,,,,,,,,,,,,,,,,,,
2005_6_10,2,LGUA,2,C,Baia,0,0,0,0,0,,0,0,,0,0,0,0,0,0,0,,0,0,0,0,1,0,0,0,0,0,0,0,0,0,,0,0,0,0,0,1,0,0,0,1,0,0,1,,0,1,0,0,1,0,0,1,0,0,0,0,1,0,1,0,0,0,0,0,0,0,0,0,0,0,0,0,0,0,0,1,0,0,,0,0,,,1,0,1,1,0,0,0,,,,,,,,,,,,,,,,,,,
2005_9_16,3,LGUA,2,C,Baia,0,0,0,0,0,,0,0,,0,0,0,0,0,0,0,,0,0,0,0,0,0,0,0,0,0,0,0,0,0,,0,0,0,0,0,1,0,0,0,1,0,0,1,,0,1,0,0,0,1,0,0,0,0,0,0,1,0,1,0,0,0,0,0,0,0,0,0,0,0,0,0,0,0,0,1,0,0,,0,0,,,1,0,0,1,0,0,0,,,,,,,,,,,,,,,,,,,
2005_12_9,4,LGUA,2,C,Baia,0,0,0,0,0,,1,0,,0,0,0,0,0,0,0,,0,0,0,0,1,0,0,0,0,0,0,0,0,0,,0,0,0,0,0,1,0,0,0,1,0,0,1,,0,1,1,0,0,1,0,0,0,0,0,0,1,0,1,0,0,0,0,0,0,0,0,0,0,0,0,0,1,0,0,1,0,1,,0,0,,,1,0,0,1,1,0,0,,,,,,,,,,,,,,,,,,,
2005_3_2,1,LPAT,3,C,Ivinhema,0,1,0,0,0,,0,0,,0,0,0,0,0,0,0,,0,0,0,0,1,0,0,0,0,0,0,0,0,0,,0,0,0,0,0,1,0,0,0,1,0,0,0,,1,1,0,0,0,1,0,0,0,0,0,0,1,0,1,0,0,0,0,0,0,0,0,0,0,0,0,0,0,0,0,1,0,0,,0,0,,,1,0,1,1,1,0,0,,,,,,,,,,,,,,,,,,,
2005_6_9,2,LPAT,3,C,Ivinhema,0,0,0,0,0,,0,0,,0,0,0,0,0,0,0,,0,0,0,0,1,0,0,0,0,0,0,0,0,0,,0,0,0,0,0,1,0,0,0,1,0,0,0,,1,1,0,0,0,1,0,0,0,0,0,0,1,0,1,0,0,0,0,0,0,0,0,0,0,0,0,0,0,0,0,1,0,0,,0,0,,,0,0,1,1,1,0,0,,,,,,,,,,,,,,,,,,,
2005_9_14,3,LPAT,3,C,Ivinhema,0,0,0,0,0,,0,0,,0,0,0,0,0,0,0,,0,0,0,0,0,0,0,0,0,0,0,0,0,0,,0,0,0,0,0,1,0,0,0,1,0,0,0,,1,1,0,0,0,1,0,0,0,0,0,0,1,0,0,0,0,0,0,0,0,0,0,0,0,0,0,0,0,0,0,1,0,0,,0,0,,,1,0,1,0,1,0,0,,,,,,,,,,,,,,,,,,,
2005_12_7,4,LPAT,3,C,Ivinhema,0,0,0,0,0,,0,0,,0,0,0,0,0,0,0,,0,0,0,0,0,0,0,0,0,0,0,0,0,0,,0,0,0,0,0,1,0,0,0,1,0,0,1,,1,1,0,0,0,1,0,0,0,0,0,0,1,0,1,0,0,0,0,0,0,0,0,0,0,0,0,0,0,0,0,1,0,0,,0,0,,,1,0,1,1,1,0,0,,,,,,,,,,,,,,,,,,,
2005_3_5,1,LOSM,4,I,Parana,0,1,0,0,0,,0,0,,0,0,0,0,0,0,0,,0,0,0,0,0,0,0,0,0,0,0,0,0,0,,0,0,0,0,0,0,0,0,0,0,0,0,1,,1,1,0,0,1,0,0,1,0,0,0,0,0,0,1,0,0,0,0,0,0,0,0,0,0,0,0,0,0,0,0,0,0,0,,0,0,,,0,0,1,0,0,0,0,,,,,,,,,,,,,,,,,,,
2005_6_11,2,LOSM,4,I,Parana,0,1,0,0,0,,0,0,,0,0,0,0,0,0,0,,0,0,0,0,1,0,0,0,0,0,0,0,0,0,,0,0,0,0,0,0,0,0,0,1,0,0,0,,1,1,1,0,0,0,0,1,0,0,0,0,0,0,1,0,0,0,0,0,0,0,0,0,0,0,0,0,0,0,0,0,0,0,,0,0,,,0,0,1,0,0,0,0,,,,,,,,,,,,,,,,,,,
2005_9_17,3,LOSM,4,I,Parana,0,0,0,0,0,,0,0,,0,0,0,0,0,0,0,,0,0,0,0,1,0,0,0,0,0,0,0,0,0,,0,0,0,0,0,0,0,0,0,1,0,0,1,,0,1,0,0,0,0,0,1,0,0,0,0,0,0,1,0,0,0,0,0,0,0,0,0,0,0,0,0,0,0,0,0,0,0,,0,0,,,0,0,0,0,0,0,0,,,,,,,,,,,,,,,,,,,
2005_12_10,4,LOSM,4,I,Parana,0,0,0,0,0,,0,0,,0,0,0,0,0,0,0,,0,0,0,0,1,0,0,0,0,0,0,0,0,0,,0,0,0,0,0,0,0,0,0,0,0,0,1,,1,1,0,0,0,1,0,1,0,0,0,0,0,0,1,0,0,0,0,0,0,0,0,0,0,0,0,0,0,0,0,0,0,0,,0,0,,,0,0,0,0,0,0,0,,,,,,,,,,,,,,,,,,,
2005_3_4,1,LFEC,5,I,Baia,0,1,0,0,0,,0,0,,0,0,0,0,0,0,0,,0,0,0,0,1,0,0,0,0,1,0,0,0,0,,0,1,0,0,0,1,0,0,0,1,0,0,0,,0,0,1,0,1,1,0,1,0,0,0,0,0,0,1,0,0,0,0,0,0,0,0,0,0,0,0,0,0,0,0,1,0,0,,0,0,,,1,0,1,0,0,0,0,,,,,,,,,,,,,,,,,,,
2005_6_10,2,LFEC,5,I,Baia,0,0,0,0,0,,0,0,,0,0,0,0,0,0,0,,0,0,0,0,1,0,0,0,0,0,0,0,0,0,,0,0,0,0,0,1,0,0,0,1,0,0,0,,0,0,0,1,1,1,0,1,0,0,0,0,1,0,1,0,0,0,0,0,0,0,0,0,0,0,0,0,1,0,0,1,0,0,,0,0,,,1,0,0,0,0,0,0,,,,,,,,,,,,,,,,,,,
2005_9_16,3,LFEC,5,I,Baia,0,0,0,0,0,,0,0,,1,0,0,0,0,0,0,,0,0,0,0,1,0,0,0,0,0,0,0,0,0,,0,1,0,0,0,1,0,0,0,1,0,0,0,,0,1,1,0,1,1,0,0,0,0,0,0,1,0,0,0,0,0,0,0,0,0,0,0,0,0,0,0,0,0,0,1,0,0,,0,0,,,1,0,0,0,0,0,0,,,,,,,,,,,,,,,,,,,
2005_12_9,4,LFEC,5,I,Baia,0,0,0,0,0,,1,0,,0,0,0,0,0,0,0,,0,0,0,0,1,0,0,0,0,0,0,0,0,0,,0,1,0,0,0,1,0,0,0,1,0,0,0,,0,1,1,0,0,1,0,0,0,0,0,0,1,0,1,0,0,0,0,0,0,0,0,0,0,0,0,0,1,0,0,1,0,1,,0,0,,,1,0,1,1,0,0,0,,,,,,,,,,,,,,,,,,,
2005_3_2,1,LVEN,6,I,Ivinhema,0,1,0,0,0,,1,0,,1,0,1,0,0,0,0,,0,0,0,0,0,0,0,0,0,0,0,0,0,0,,0,0,0,0,0,0,0,0,0,1,0,0,0,,0,1,0,0,1,1,0,1,0,0,1,1,1,0,0,0,0,0,0,0,0,0,0,0,0,0,0,0,0,0,0,1,1,0,,0,0,,,1,0,0,0,1,0,0,,,,,,,,,,,,,,,,,,,
2005_6_9,2,LVEN,6,I,Ivinhema,0,0,0,0,0,,0,0,,1,0,1,0,0,0,0,,0,0,0,0,1,0,0,0,0,0,0,0,0,0,,0,0,0,0,0,1,0,0,0,1,0,0,0,,0,0,0,0,0,1,0,0,0,0,1,0,0,0,0,0,0,0,0,0,0,0,0,0,0,0,0,0,0,0,0,1,0,0,,0,0,,,1,0,0,0,0,0,0,,,,,,,,,,,,,,,,,,,
2005_9_14,3,LVEN,6,I,Ivinhema,0,0,0,0,0,,0,0,,1,0,0,0,0,0,0,,0,0,0,0,0,0,0,0,0,0,0,0,0,0,,0,0,0,0,0,1,0,0,0,1,0,0,0,,0,1,0,0,0,1,0,1,0,0,0,0,1,0,0,0,0,0,0,0,0,0,0,0,0,0,0,0,0,0,0,1,0,0,,0,0,,,1,0,0,0,0,0,0,,,,,,,,,,,,,,,,,,,
2005_12_7,4,LVEN,6,I,Ivinhema,0,0,0,0,0,,1,0,,1,0,1,0,0,0,0,,0,0,0,0,1,0,0,0,0,0,0,0,0,0,,0,0,0,0,0,0,0,0,0,1,0,0,0,,0,0,1,0,0,1,0,0,0,0,0,0,1,0,0,0,0,0,0,0,0,0,0,0,0,0,0,0,0,0,0,1,0,0,,0,0,,,0,0,1,0,0,0,0,,,,,,,,,,,,,,,,,,,
2006_3_10,1,LGAR,1,C,Parana,0,0,0,0,0,,0,0,,0,0,0,0,0,0,0,,0,0,0,0,0,0,0,0,0,0,0,0,0,0,,0,0,0,0,0,0,0,0,0,1,0,0,1,,1,1,0,0,0,1,0,0,0,0,0,1,1,0,1,0,0,1,0,0,1,0,1,1,1,0,0,0,0,0,0,0,0,0,,0,0,,,0,0,1,1,1,0,0,,,,,,,,,,,,,,,,,,,
2006_6_23,2,LGAR,1,C,Parana,0,1,0,0,0,,0,0,,1,0,1,0,0,0,0,,0,0,0,0,1,0,0,0,0,0,0,0,0,0,,0,0,0,0,0,0,0,0,0,1,0,0,1,,1,1,1,0,0,1,0,0,0,0,0,0,1,0,1,0,0,1,0,0,0,0,1,1,0,0,1,0,1,0,0,0,0,0,,0,0,,,0,0,1,0,0,0,0,,,,,,,,,,,,,,,,,,,
2006_9_15,3,LGAR,1,C,Parana,0,1,0,0,0,,0,0,,0,0,0,0,0,0,0,,0,0,0,0,1,0,0,0,0,0,0,0,0,0,,0,0,0,0,0,0,0,0,0,1,0,0,1,,1,1,0,0,0,1,0,0,0,0,0,0,1,0,1,0,0,1,0,0,1,0,1,0,0,0,0,0,1,0,0,1,0,0,,0,0,,,0,0,1,1,0,0,0,,,,,,,,,,,,,,,,,,,
2006_11_30,4,LGAR,1,C,Parana,0,0,0,0,0,,1,0,,0,0,0,0,0,0,0,,0,0,0,0,1,0,0,0,0,0,0,0,0,0,,0,0,0,0,0,0,0,0,0,1,0,0,1,,1,1,0,0,0,1,0,0,0,0,0,0,1,0,1,0,0,1,0,0,0,0,1,0,0,0,0,0,1,0,0,1,0,0,,0,0,,,0,0,0,0,0,0,0,,,,,,,,,,,,,,,,,,,
2006_3_8,1,LGUA,2,C,Baia,0,0,0,0,0,,0,0,,0,0,0,0,0,0,0,,0,0,0,0,1,0,0,0,0,0,0,0,0,0,,0,0,0,0,0,1,0,0,0,1,0,0,1,,0,1,1,0,0,1,0,0,0,0,0,0,1,0,1,0,0,0,0,0,0,0,0,0,0,0,0,0,1,1,0,1,0,1,,0,0,,,0,0,0,1,1,0,0,,,,,,,,,,,,,,,,,,,
2006_6_22,2,LGUA,2,C,Baia,0,1,0,0,0,,0,0,,0,0,0,0,0,0,0,,0,0,0,0,1,0,0,0,0,0,0,0,0,0,,0,0,0,0,0,1,0,0,0,1,0,0,1,,1,1,1,0,1,1,0,0,0,0,0,0,1,0,1,0,0,0,0,0,0,0,0,0,0,0,0,0,1,0,0,0,0,1,,0,0,,,0,0,1,0,0,0,0,,,,,,,,,,,,,,,,,,,
2006_9_13,3,LGUA,2,C,Baia,0,0,0,0,0,,0,0,,0,0,0,0,0,0,0,,0,0,0,0,1,0,0,0,0,0,0,0,0,0,,0,0,0,0,0,1,0,0,0,0,0,0,1,,0,1,0,0,0,1,0,0,0,0,0,0,1,0,1,0,0,0,0,0,0,0,0,0,0,0,0,0,1,0,0,1,0,1,,0,0,,,0,0,1,0,0,0,0,,,,,,,,,,,,,,,,,,,
2006_11_29,4,LGUA,2,C,Baia,0,0,0,0,0,,1,0,,0,0,1,0,0,0,0,,0,0,0,0,1,0,0,0,0,0,0,0,0,0,,0,0,0,0,0,0,0,0,0,0,0,0,1,,1,1,0,0,1,1,0,0,0,0,0,0,1,0,1,0,0,0,0,0,0,0,0,0,0,0,0,0,1,0,0,1,0,1,,0,0,,,0,0,1,0,1,0,0,,,,,,,,,,,,,,,,,,,
2006_3_7,1,LPAT,3,C,Ivinhema,0,0,0,0,0,,0,0,,0,0,0,0,0,0,0,,0,0,0,0,1,0,0,0,0,0,0,0,0,0,,0,0,0,0,0,1,0,0,0,1,0,0,1,,1,1,1,0,0,1,0,0,0,0,0,0,1,0,1,0,0,0,0,0,0,0,0,0,0,0,0,0,0,0,0,1,0,1,,0,0,,,0,0,1,1,1,0,0,,,,,,,,,,,,,,,,,,,
2006_6_21,2,LPAT,3,C,Ivinhema,0,0,0,0,0,,0,0,,0,0,0,0,0,0,0,,0,0,0,0,1,0,0,0,0,0,0,0,0,0,,0,0,0,0,0,1,0,0,0,1,0,0,1,,1,1,0,0,0,1,0,0,0,0,0,0,1,0,0,0,0,0,0,0,0,0,0,0,0,0,0,0,0,1,0,0,0,1,,0,0,,,0,0,1,1,0,0,0,,,,,,,,,,,,,,,,,,,
2006_9_12,3,LPAT,3,C,Ivinhema,0,1,0,0,0,,0,0,,0,0,0,0,0,0,0,,0,0,0,0,1,0,0,0,0,0,0,0,0,0,,0,0,0,0,0,1,0,0,0,1,0,0,0,,1,1,0,0,0,1,0,0,0,0,0,0,1,0,0,0,0,0,0,0,0,0,0,0,0,0,0,0,0,0,0,1,0,0,,0,0,,,0,0,1,1,1,0,0,,,,,,,,,,,,,,,,,,,
2006_11_28,4,LPAT,3,C,Ivinhema,0,0,0,0,0,,0,0,,0,0,0,0,0,0,0,,0,0,0,0,0,0,0,0,0,0,0,0,0,0,,0,0,0,0,0,1,0,0,0,1,0,0,1,,1,1,0,0,0,1,0,0,0,0,0,0,1,0,0,0,0,0,0,0,0,0,0,0,0,0,0,0,0,1,0,1,0,0,,0,0,,,0,0,1,1,1,0,0,,,,,,,,,,,,,,,,,,,
2006_3_10,1,LOSM,4,I,Parana,0,0,0,0,0,,0,0,,0,0,0,0,0,0,0,,0,0,0,0,1,0,0,0,0,0,0,0,0,0,,0,0,0,0,0,0,0,0,0,0,0,0,1,,1,0,0,0,0,0,0,0,0,0,0,0,0,0,1,0,0,0,0,0,0,0,0,0,0,0,0,0,1,0,0,0,0,0,,0,0,,,0,0,0,0,0,0,0,,,,,,,,,,,,,,,,,,,
2006_6_23,2,LOSM,4,I,Parana,0,1,0,0,0,,0,0,,0,0,0,0,0,0,0,,0,0,0,0,1,0,0,0,0,0,0,0,0,0,,0,0,0,0,0,0,0,0,0,0,0,0,1,,1,1,1,0,0,0,0,1,0,0,0,0,0,0,1,0,0,0,0,0,0,0,0,0,0,0,0,0,1,0,0,0,0,0,,0,0,,,0,1,0,0,0,0,0,,,,,,,,,,,,,,,,,,,
2006_9_15,3,LOSM,4,I,Parana,0,1,0,0,0,,0,0,,0,0,0,0,0,0,0,,0,0,0,0,1,0,0,0,0,0,0,0,0,0,,0,0,0,0,0,0,0,0,0,0,0,0,1,,0,1,0,0,0,0,0,1,0,0,0,0,0,0,1,0,0,0,0,0,0,0,0,0,0,0,0,0,0,0,0,0,0,0,,0,0,,,0,0,0,0,0,0,0,,,,,,,,,,,,,,,,,,,
2006_11_30,4,LOSM,4,I,Parana,0,1,0,0,0,,0,0,,0,0,0,0,0,0,0,,0,0,0,0,1,0,0,0,0,0,0,0,0,0,,0,0,0,0,0,0,0,0,0,0,0,0,0,,0,1,0,0,0,1,0,1,0,0,0,0,0,0,1,0,0,0,0,0,0,0,0,0,0,0,0,0,0,0,0,0,0,0,,0,0,,,0,0,0,0,0,0,0,,,,,,,,,,,,,,,,,,,
2006_3_8,1,LFEC,5,I,Baia,0,0,0,0,0,,1,0,,0,0,0,0,0,0,0,,0,0,0,0,0,0,0,0,0,0,0,0,0,0,,0,1,0,0,0,1,0,0,0,1,0,0,0,,0,0,1,0,0,1,0,0,0,0,0,0,0,0,1,0,0,0,0,0,0,0,0,0,0,0,0,0,1,0,0,1,0,1,,0,0,,,1,0,1,0,1,0,1,,,,,,,,,,,,,,,,,,,
2006_6_22,2,LFEC,5,I,Baia,0,0,0,0,0,,1,0,,0,0,0,0,0,0,0,,0,0,0,0,1,0,0,0,0,0,0,0,0,0,,0,1,0,0,0,1,0,0,0,1,0,0,0,,1,1,0,1,1,1,0,0,0,0,0,0,0,0,1,0,0,0,0,0,0,0,0,0,0,0,0,0,1,0,0,1,0,1,,0,0,,,1,0,1,0,1,0,1,,,,,,,,,,,,,,,,,,,
2006_9_13,3,LFEC,5,I,Baia,0,0,0,0,0,,1,0,,0,0,0,0,0,0,0,,0,0,0,0,0,0,0,0,0,0,0,0,0,0,,0,0,0,0,0,1,0,0,0,1,0,0,1,,0,1,0,0,0,1,0,0,0,0,0,0,0,0,1,0,0,0,0,0,0,0,0,0,0,0,0,0,1,0,0,1,0,1,,0,0,,,1,0,1,0,1,0,1,,,,,,,,,,,,,,,,,,,
2006_11_29,4,LFEC,5,I,Baia,0,0,0,0,0,,1,0,,0,0,0,0,0,0,0,,0,0,0,0,1,0,0,0,0,0,0,0,0,0,,0,0,0,0,0,1,0,0,0,1,0,0,0,,0,1,0,0,1,1,0,0,0,0,0,0,1,0,1,0,0,0,0,0,0,0,0,0,0,0,0,0,0,1,0,1,0,1,,0,0,,,1,0,1,0,1,0,1,,,,,,,,,,,,,,,,,,,
2006_3_7,1,LVEN,6,I,Ivinhema,0,0,0,0,0,,0,0,,0,0,0,0,0,0,0,,0,0,0,0,1,0,0,0,0,0,0,0,0,0,,0,0,0,0,0,1,0,0,0,1,0,0,0,,0,0,0,0,0,1,0,0,0,0,0,0,1,0,0,0,0,0,0,0,0,0,0,0,0,0,0,0,0,0,0,1,0,0,,0,0,,,1,0,1,0,0,0,0,,,,,,,,,,,,,,,,,,,
2006_6_21,2,LVEN,6,I,Ivinhema,0,0,0,0,0,,0,0,,1,0,0,0,0,0,0,,0,0,0,0,0,0,0,0,0,0,0,0,0,0,,0,0,0,0,0,1,0,0,0,0,0,0,0,,0,0,1,0,0,1,0,1,0,0,1,0,1,0,0,0,0,0,0,0,0,0,0,0,0,0,0,0,0,0,0,1,1,0,,0,0,,,1,0,1,0,1,0,0,,,,,,,,,,,,,,,,,,,
2006_9_12,3,LVEN,6,I,Ivinhema,0,0,0,0,0,,0,0,,0,0,0,0,0,0,0,,0,0,0,0,0,0,0,0,0,0,0,0,0,0,,0,0,0,0,0,0,0,0,0,1,0,0,0,,1,0,0,0,0,1,0,0,0,0,0,0,1,0,0,0,0,0,0,0,0,0,0,0,0,0,0,0,0,0,0,1,0,0,,0,0,,,0,0,0,0,0,0,0,,,,,,,,,,,,,,,,,,,
2006_11_28,4,LVEN,6,I,Ivinhema,0,0,0,0,0,,1,0,,0,0,0,0,0,0,0,,0,0,0,0,1,0,0,0,0,0,0,0,0,0,,0,0,0,0,0,1,0,0,0,1,0,0,0,,0,1,0,0,1,1,0,1,0,0,0,0,1,0,0,0,0,0,0,0,0,0,0,0,0,0,0,0,0,0,0,1,0,0,,0,0,,,1,0,1,0,0,0,0,,,,,,,,,,,,,,,,,,,
2007_3_3,1,LGAR,1,C,Parana,0,1,0,0,0,,0,0,,0,0,0,0,0,0,0,,0,0,0,0,1,0,0,0,0,0,0,0,0,0,,0,0,0,0,0,0,0,0,0,1,0,0,1,,1,1,0,0,0,1,0,0,0,0,0,0,1,0,1,0,0,1,0,0,0,0,1,0,0,0,0,0,0,0,0,0,0,0,,0,0,,,0,0,1,0,0,0,0,,,,,,,,,,,,,,,,,,,
2007_6_22,2,LGAR,1,C,Parana,0,0,0,0,0,,1,0,,0,0,0,0,0,0,0,,0,0,0,0,0,0,0,0,0,0,0,0,0,0,,0,0,0,0,0,0,0,0,0,1,0,0,1,,1,1,0,0,0,1,0,0,0,0,0,0,1,0,1,0,0,0,0,0,0,0,0,0,0,0,0,0,0,0,0,0,0,0,,0,0,,,0,0,1,0,0,0,0,,,,,,,,,,,,,,,,,,,
2007_9_21,3,LGAR,1,C,Parana,0,0,0,0,0,,1,0,,0,0,0,0,0,0,0,,0,0,0,0,0,0,0,0,0,0,0,0,0,0,,0,0,0,0,0,0,0,0,0,1,0,0,0,,0,1,0,0,0,1,0,0,0,0,0,0,1,0,1,0,0,0,0,0,0,0,0,0,0,0,0,0,0,0,0,0,0,0,,0,0,,,0,0,1,0,0,0,0,,,,,,,,,,,,,,,,,,,
2007_11_29,4,LGAR,1,C,Parana,0,1,0,0,0,,0,0,,0,0,0,0,0,0,0,,0,0,0,0,1,0,0,0,0,0,0,0,0,0,,0,0,0,0,0,0,0,0,0,1,0,0,0,,1,1,0,0,0,1,0,0,0,0,0,0,1,0,1,0,0,0,0,0,0,0,0,0,0,0,0,0,0,0,0,0,0,0,,0,0,,,0,0,0,0,0,0,0,,,,,,,,,,,,,,,,,,,
2007_3_2,1,LGUA,2,C,Baia,0,1,0,0,0,,0,0,,0,0,0,0,0,0,0,,0,0,0,0,0,0,0,0,0,0,0,0,0,0,,0,0,0,0,0,1,0,0,0,1,0,0,1,,0,1,0,0,0,0,0,0,0,0,0,0,1,0,1,0,0,0,0,0,0,0,0,0,0,0,0,0,1,1,0,1,0,1,,0,0,,,1,0,1,1,1,0,0,,,,,,,,,,,,,,,,,,,
2007_6_21,2,LGUA,2,C,Baia,0,0,0,0,0,,0,0,,0,0,0,0,0,0,0,,0,0,0,0,0,0,0,0,0,0,0,0,0,0,,0,0,0,0,0,1,0,0,0,1,0,0,1,,1,1,0,0,0,1,0,0,0,0,0,0,1,0,0,0,0,0,0,0,0,0,0,0,0,0,0,0,0,0,0,1,1,1,,0,0,,,1,0,1,0,1,0,1,,,,,,,,,,,,,,,,,,,
2007_9_20,3,LGUA,2,C,Baia,0,0,0,0,0,,0,0,,0,0,0,0,0,0,0,,0,0,0,0,0,0,0,0,0,0,0,0,0,0,,0,0,0,0,0,1,0,0,0,1,0,0,1,,1,1,0,0,0,1,0,0,0,0,0,0,1,0,1,0,0,0,0,0,0,0,0,0,0,0,0,0,0,0,0,1,1,1,,0,0,,,1,0,1,1,1,0,1,,,,,,,,,,,,,,,,,,,
2007_11_28,4,LGUA,2,C,Baia,0,1,0,0,0,,0,0,,0,0,0,0,0,0,0,,0,0,0,0,1,0,0,0,0,0,0,0,0,0,,0,0,0,0,0,1,0,0,0,1,0,0,1,,1,1,0,0,0,1,0,0,0,0,0,0,1,0,1,0,0,0,0,0,0,0,0,0,0,0,0,0,0,0,0,1,0,1,,0,0,,,1,0,1,1,1,0,1,,,,,,,,,,,,,,,,,,,
2007_3_1,1,LPAT,3,C,Ivinhema,0,1,0,0,0,,0,0,,0,0,0,0,0,0,0,,0,0,0,0,1,0,0,0,0,0,0,0,0,0,,0,0,0,0,0,0,0,0,0,1,0,0,1,,1,1,0,0,0,0,0,0,0,0,0,0,1,0,1,0,0,0,0,0,0,0,0,0,0,0,0,0,1,0,0,1,0,0,,0,0,,,1,0,1,1,0,0,0,,,,,,,,,,,,,,,,,,,
2007_6_20,2,LPAT,3,C,Ivinhema,0,0,0,0,0,,0,0,,0,0,0,0,0,0,0,,0,0,0,0,0,0,0,0,0,0,0,0,0,0,,0,0,0,0,0,0,0,0,0,0,0,0,0,,1,1,0,0,0,1,0,0,0,0,0,0,1,0,0,0,0,0,0,0,0,0,0,0,0,0,0,0,0,0,0,1,0,0,,0,0,,,0,0,0,0,1,0,0,,,,,,,,,,,,,,,,,,,
2007_9_19,3,LPAT,3,C,Ivinhema,0,0,0,0,0,,1,0,,0,0,0,0,0,0,0,,0,0,0,0,0,0,0,0,0,0,0,0,0,0,,0,0,0,0,0,1,0,0,0,1,0,0,1,,1,1,0,0,0,1,0,0,0,0,0,0,1,0,0,0,0,0,0,0,0,0,0,0,0,0,0,0,0,0,0,1,1,0,,0,0,,,0,0,1,1,1,0,0,,,,,,,,,,,,,,,,,,,
2007_11_27,4,LPAT,3,C,Ivinhema,0,0,0,0,0,,1,0,,0,0,0,0,0,0,0,,0,0,0,0,0,0,0,0,0,0,0,0,0,0,,0,0,0,0,0,1,0,0,0,1,0,0,1,,1,1,0,0,0,1,0,0,0,0,0,0,1,0,0,0,0,0,0,0,0,0,0,0,0,0,0,0,0,0,0,1,0,0,,0,0,,,0,0,1,0,1,0,0,,,,,,,,,,,,,,,,,,,
2007_3_3,1,LOSM,4,I,Parana,0,0,0,0,0,,0,0,,0,0,0,0,0,0,0,,0,0,0,0,1,0,0,0,0,0,0,0,0,0,,0,0,0,0,0,0,0,0,0,0,0,0,1,,1,1,0,0,0,0,0,0,0,0,0,0,0,0,1,0,0,0,0,0,0,0,0,0,0,0,0,0,0,0,0,0,0,0,,0,0,,,0,0,0,0,0,0,0,,,,,,,,,,,,,,,,,,,
2007_6_22,2,LOSM,4,I,Parana,0,1,0,0,0,,0,0,,0,0,0,0,0,0,0,,0,0,0,0,0,0,0,0,0,0,0,0,0,0,,0,0,0,0,0,0,0,0,0,0,0,0,1,,1,1,0,0,0,1,0,1,0,0,0,0,0,0,1,0,0,0,0,0,0,0,0,0,0,0,0,0,0,0,0,0,0,0,,0,0,,,0,0,0,0,0,0,0,,,,,,,,,,,,,,,,,,,
2007_9_21,3,LOSM,4,I,Parana,0,0,0,0,0,,0,0,,0,0,0,0,0,0,0,,0,0,0,0,0,0,0,0,0,0,0,0,0,0,,0,0,0,0,0,0,0,0,0,0,0,0,1,,1,1,0,0,0,1,0,1,0,0,0,0,0,0,0,0,0,0,0,0,0,0,0,0,0,0,0,0,0,0,0,0,0,0,,0,0,,,0,0,0,0,0,0,0,,,,,,,,,,,,,,,,,,,
2007_11_29,4,LOSM,4,I,Parana,0,1,0,0,0,,0,0,,0,0,0,0,0,0,0,,0,0,0,0,1,0,0,0,0,0,0,0,0,0,,0,0,0,0,0,0,0,0,0,0,0,0,1,,1,1,0,0,0,1,0,1,0,0,0,0,0,0,1,0,0,0,0,0,0,0,0,0,0,0,0,0,0,0,0,0,0,0,,0,0,,,0,0,0,0,0,0,0,,,,,,,,,,,,,,,,,,,
2007_3_2,1,LFEC,5,I,Baia,0,0,0,0,0,,1,0,,0,0,0,0,0,0,0,,0,0,0,0,1,0,0,0,0,0,0,0,0,0,,0,0,0,0,0,1,0,0,0,1,0,0,1,,1,1,0,0,0,1,0,0,0,0,0,0,1,0,0,0,0,0,0,0,0,0,0,0,0,0,0,0,1,1,0,1,1,1,,0,0,,,1,0,1,1,1,0,1,,,,,,,,,,,,,,,,,,,
2007_6_21,2,LFEC,5,I,Baia,0,0,0,0,0,,0,0,,0,0,0,0,0,0,0,,0,0,0,0,1,0,0,0,0,0,0,0,0,0,,0,0,0,0,0,1,0,0,0,0,0,0,0,,1,1,0,0,0,1,0,0,0,0,0,0,1,0,0,0,0,0,0,0,0,0,0,0,0,0,0,0,1,0,0,1,1,1,,0,0,,,1,0,0,0,0,0,0,,,,,,,,,,,,,,,,,,,
2007_9_20,3,LFEC,5,I,Baia,0,0,0,0,0,,0,0,,0,0,0,0,0,0,0,,0,0,0,0,1,0,0,0,0,1,0,0,0,0,,0,1,0,0,0,1,0,0,0,0,0,0,0,,1,1,1,0,0,1,0,0,0,0,0,0,1,0,1,0,0,0,0,0,0,0,0,0,0,0,0,0,1,0,0,1,1,1,,0,0,,,1,0,1,0,0,0,0,,,,,,,,,,,,,,,,,,,
2007_11_28,4,LFEC,5,I,Baia,0,1,0,0,0,,0,0,,0,0,0,0,0,0,0,,0,0,0,0,1,0,0,0,0,0,0,0,0,0,,0,1,0,0,0,1,0,0,0,1,0,0,1,,1,1,1,0,0,1,0,0,0,0,0,0,1,0,1,0,0,0,0,0,0,0,0,0,0,0,0,0,0,0,0,1,0,1,,0,0,,,1,0,0,0,1,0,1,,,,,,,,,,,,,,,,,,,
2007_3_1,1,LVEN,6,I,Ivinhema,0,1,0,0,0,,0,0,,0,0,0,0,0,0,0,,0,0,0,0,0,0,0,0,0,0,0,0,0,0,,0,0,0,0,0,0,0,0,0,1,0,0,1,,1,0,0,0,0,1,0,1,0,0,0,0,0,0,0,0,0,0,0,0,0,0,0,0,0,0,0,0,0,0,0,1,0,0,,0,0,,,1,0,1,0,0,0,0,,,,,,,,,,,,,,,,,,,
2007_6_20,2,LVEN,6,I,Ivinhema,0,0,0,0,0,,0,0,,0,0,0,0,0,0,0,,0,0,0,0,0,0,0,0,0,0,0,0,0,0,,0,0,0,0,0,0,0,0,0,1,0,0,0,,1,1,0,0,0,1,0,0,0,0,0,0,1,0,0,0,0,0,0,0,0,0,0,0,0,0,0,0,0,0,0,1,0,0,,0,0,,,0,0,1,0,0,0,0,,,,,,,,,,,,,,,,,,,
2007_9_19,3,LVEN,6,I,Ivinhema,0,0,0,0,0,,0,0,,0,0,0,0,0,0,0,,0,0,0,0,0,0,0,0,0,0,0,0,0,0,,0,0,0,0,0,0,0,0,0,1,0,0,0,,0,1,0,0,0,1,0,0,0,0,0,0,1,0,0,0,0,0,0,0,0,0,0,0,0,0,0,0,0,0,0,1,0,0,,0,0,,,1,0,1,0,0,0,0,,,,,,,,,,,,,,,,,,,
2007_11_27,4,LVEN,6,I,Ivinhema,0,0,0,0,0,,0,0,,0,0,0,0,0,0,0,,0,0,0,0,0,0,0,0,0,0,0,0,0,0,,0,0,0,0,0,1,0,0,0,1,0,0,0,,0,1,0,0,0,1,0,0,0,0,0,0,0,0,0,0,0,0,0,0,0,0,0,0,0,0,0,0,0,0,0,1,0,0,,0,0,,,1,0,1,0,0,0,0,,,,,,,,,,,,,,,,,,,
2008_3_3,1,LGAR,1,C,Parana,0,1,1,0,0,,1,0,,0,0,0,0,0,0,0,,0,0,0,0,0,0,0,0,0,0,0,0,0,0,,0,0,0,0,0,0,0,0,0,1,0,0,1,,1,0,0,0,1,1,0,0,0,0,0,0,1,0,1,0,0,0,0,0,0,0,0,0,0,0,0,0,0,0,0,0,0,0,,0,0,,,0,0,0,0,0,0,0,,,,,,,,,,,,,,,,,,,
2008_6_27,2,LGAR,1,C,Parana,0,0,0,0,0,,1,0,,0,0,0,0,0,0,0,,0,0,0,0,0,0,0,0,0,1,0,0,0,0,,0,0,0,0,0,0,0,0,0,1,0,0,1,,0,1,0,1,0,1,0,0,0,0,0,0,1,0,1,0,0,0,0,0,0,0,0,0,0,0,0,0,0,0,0,1,0,0,,0,0,,,0,0,0,0,0,0,0,,,,,,,,,,,,,,,,,,,
2008_9_26,3,LGAR,1,C,Parana,1,0,1,0,0,,1,0,,0,0,0,0,0,0,0,,0,0,0,0,1,0,0,0,0,1,0,0,0,0,,0,0,0,0,0,0,1,0,0,1,0,0,1,,0,1,0,0,0,1,0,0,0,0,0,0,1,0,1,0,0,0,0,0,0,0,1,1,0,0,0,0,0,0,0,0,0,0,,0,0,,,0,0,0,0,0,0,0,,,,,,,,,,,,,,,,,,,
2008_11_27,4,LGAR,1,C,Parana,0,0,1,0,0,,1,0,,1,1,0,0,0,0,0,,0,1,0,0,1,1,0,0,0,0,0,0,0,0,,0,0,1,0,0,0,0,0,0,1,1,0,1,,1,1,0,0,0,1,0,0,0,0,0,0,1,0,1,0,0,0,0,0,0,0,0,0,0,0,0,0,0,0,0,0,0,0,,0,0,,,0,0,0,0,0,0,0,,,,,,,,,,,,,,,,,,,
2008_3_2,1,LGUA,2,C,Baia,0,1,1,0,0,,0,0,,0,0,0,0,0,0,0,,0,0,0,0,0,0,0,0,0,0,0,0,0,0,,0,0,0,0,0,1,0,0,0,1,0,0,1,,1,0,0,0,1,1,0,0,0,0,0,0,1,0,1,0,0,0,0,0,0,0,0,0,0,0,0,0,0,1,0,1,0,1,,0,0,,,1,0,1,0,0,0,1,,,,,,,,,,,,,,,,,,,
2008_6_26,2,LGUA,2,C,Baia,1,0,0,0,0,,0,0,,0,0,0,0,0,0,0,,0,0,0,0,1,1,0,0,0,0,0,0,0,0,,0,0,0,0,0,1,0,0,0,1,0,0,1,,0,1,0,1,0,1,0,0,0,0,0,0,1,0,1,0,0,0,0,0,0,0,0,0,0,0,0,0,0,1,0,1,0,1,,0,1,,,1,0,1,0,1,0,1,,,,,,,,,,,,,,,,,,,
2008_9_25,3,LGUA,2,C,Baia,0,0,0,0,0,,0,0,,0,0,0,0,0,0,1,,0,0,0,0,1,1,0,0,0,0,0,0,0,0,,0,0,0,0,0,0,0,0,0,1,0,0,1,,1,0,0,0,0,1,0,0,0,0,0,0,1,0,1,0,0,0,0,0,0,0,0,0,0,0,0,0,0,1,0,1,0,1,,0,0,,,1,0,1,1,1,0,1,,,,,,,,,,,,,,,,,,,
2008_11_26,4,LGUA,2,C,Baia,1,0,0,0,0,,0,0,,0,0,0,0,0,0,0,,0,0,0,0,1,0,0,0,0,0,0,0,0,0,,0,0,0,0,0,1,0,0,0,1,0,0,1,,0,0,0,0,0,0,0,0,0,0,0,0,1,0,1,0,0,0,0,0,0,0,0,0,0,0,0,0,0,1,0,1,1,1,,0,1,,,1,0,0,0,1,0,1,,,,,,,,,,,,,,,,,,,
2008_3_1,1,LPAT,3,C,Ivinhema,0,0,0,0,0,,0,0,,0,0,0,0,0,0,0,,0,0,0,0,0,0,0,0,0,0,0,0,0,0,,0,0,0,0,0,0,0,0,0,0,0,0,0,,1,1,0,0,1,1,0,0,0,0,0,0,1,0,0,0,0,0,0,0,0,0,0,0,0,0,0,0,0,0,0,1,0,0,,0,0,,,0,0,0,0,1,0,0,,,,,,,,,,,,,,,,,,,
2008_6_25,2,LPAT,3,C,Ivinhema,0,0,0,0,0,,0,1,,0,0,0,0,0,0,0,,0,0,0,0,0,0,0,0,0,0,0,0,0,0,,0,0,0,0,0,1,0,0,0,1,0,0,0,,1,1,0,0,0,1,0,0,0,0,0,0,1,0,0,0,0,0,0,0,0,0,0,0,0,0,0,0,0,1,0,1,0,0,,0,0,,,1,0,1,0,1,0,0,,,,,,,,,,,,,,,,,,,
2008_9_24,3,LPAT,3,C,Ivinhema,0,0,0,0,0,,0,0,,0,0,0,0,0,0,0,,0,0,0,0,0,0,0,0,0,0,0,0,0,0,,0,0,0,0,0,0,0,0,0,1,0,0,0,,1,1,0,0,0,1,0,0,0,0,0,0,1,0,0,0,0,0,0,0,0,0,0,0,0,0,0,0,0,0,0,1,0,0,,0,0,,,1,0,1,0,1,0,0,,,,,,,,,,,,,,,,,,,
2008_11_25,4,LPAT,3,C,Ivinhema,0,0,0,0,0,,0,0,,0,0,0,0,0,0,0,,0,0,0,0,1,1,0,0,0,0,0,0,0,0,,0,0,0,0,0,1,0,0,0,1,0,0,1,,1,1,0,0,0,1,0,0,0,0,0,0,1,0,0,0,0,0,0,0,0,0,0,0,0,0,0,0,0,0,0,1,0,0,,0,0,,,0,0,1,0,1,0,0,,,,,,,,,,,,,,,,,,,
2008_3_3,1,LOSM,4,I,Parana,0,1,0,0,0,,1,0,,0,0,0,0,0,0,0,,0,0,0,0,1,0,0,0,0,0,0,0,0,0,,0,0,0,0,0,0,0,0,0,0,0,0,1,,1,0,0,0,0,1,0,1,0,0,0,0,0,0,1,0,0,1,0,0,0,0,0,0,0,0,0,0,0,0,0,0,0,0,,0,0,,,0,0,0,0,0,0,0,,,,,,,,,,,,,,,,,,,
2008_6_27,2,LOSM,4,I,Parana,0,0,0,0,0,,1,0,,0,0,0,0,0,0,0,,0,0,0,0,0,0,0,0,0,1,0,0,0,0,,0,0,0,0,0,0,0,0,0,0,0,0,1,,0,1,1,0,0,1,0,1,0,0,0,0,0,0,1,0,0,0,0,0,0,0,0,0,0,0,0,0,1,0,0,0,0,0,,0,0,,,0,0,0,0,0,0,0,,,,,,,,,,,,,,,,,,,
2008_9_25,3,LOSM,4,I,Parana,0,0,0,0,0,,1,0,,0,0,0,0,0,0,0,,0,0,0,0,0,0,0,0,0,0,0,0,0,0,,0,0,0,0,0,0,0,0,0,0,0,0,1,,1,1,0,0,0,1,0,1,0,0,0,0,0,0,1,0,0,0,0,0,0,1,0,0,0,0,0,0,0,0,0,0,0,0,,0,0,,,0,0,0,0,0,0,0,,,,,,,,,,,,,,,,,,,
2008_11_27,4,LOSM,4,I,Parana,0,0,0,0,0,,0,0,,0,1,0,0,0,0,0,,0,0,0,0,0,0,0,0,0,1,0,0,0,0,,0,0,1,0,0,0,0,0,0,1,1,0,1,,1,0,0,0,0,1,0,1,0,0,0,0,0,0,0,0,0,0,0,0,0,1,0,0,0,0,0,0,0,0,0,0,0,0,,0,0,,,0,0,0,0,0,0,0,,,,,,,,,,,,,,,,,,,
2008_3_2,1,LFEC,5,I,Baia,0,1,0,0,0,,1,0,,1,0,0,0,0,0,0,,0,0,0,0,1,0,0,0,0,0,0,0,0,0,,0,0,0,0,0,1,0,0,0,1,0,0,1,,1,0,0,0,0,1,0,0,0,0,0,0,1,0,0,0,0,0,0,0,0,0,0,0,0,0,0,0,0,1,0,1,0,1,,0,0,,,1,0,1,0,1,0,1,,,,,,,,,,,,,,,,,,,
2008_6_26,2,LFEC,5,I,Baia,0,0,1,0,0,,0,0,,0,0,0,0,0,0,0,,0,0,0,0,1,1,0,1,0,0,1,0,0,0,,0,1,0,0,0,1,0,0,0,1,0,0,1,,1,1,0,1,0,1,0,1,0,0,0,0,1,0,0,0,0,0,0,0,0,0,0,0,0,0,0,0,1,1,0,1,0,1,,0,0,,,1,0,1,0,1,0,1,,,,,,,,,,,,,,,,,,,
2008_9_25,3,LFEC,5,I,Baia,1,0,0,0,0,,1,0,,0,0,0,0,0,0,1,,0,0,0,0,1,0,0,0,0,0,0,0,0,0,,0,0,0,1,0,0,0,0,0,1,0,0,1,,0,0,0,1,1,1,0,0,0,0,0,0,1,0,0,0,0,0,0,0,0,0,0,0,0,0,0,0,0,1,0,1,0,1,,0,0,,,1,0,0,0,1,0,1,,,,,,,,,,,,,,,,,,,
2008_11_26,4,LFEC,5,I,Baia,1,0,1,0,0,,1,0,,0,0,0,1,0,0,0,,0,0,0,0,1,0,0,0,0,1,0,0,0,0,,0,0,0,1,0,1,0,0,0,1,1,0,1,,0,0,0,0,0,0,1,1,0,0,0,0,0,0,0,0,0,0,0,0,0,0,0,0,0,0,0,0,0,1,0,1,1,1,,0,1,,,1,0,1,0,1,0,1,,,,,,,,,,,,,,,,,,,
2008_3_1,1,LVEN,6,I,Ivinhema,0,0,0,0,0,,1,0,,0,0,0,0,0,0,0,,0,0,0,0,1,0,0,0,0,0,0,0,0,0,,0,0,0,0,0,0,0,0,0,1,0,0,0,,1,0,0,0,0,1,0,0,0,0,0,0,1,0,0,0,0,0,0,0,0,0,0,0,0,0,0,0,0,0,0,1,0,0,,0,0,,,0,0,0,0,0,0,0,,,,,,,,,,,,,,,,,,,
2008_6_25,2,LVEN,6,I,Ivinhema,1,0,0,0,0,,1,0,,0,0,0,1,0,0,0,,0,0,0,0,0,1,0,1,0,1,1,0,0,0,,0,0,0,0,0,1,0,0,0,1,0,0,0,,0,0,0,0,0,1,0,1,0,0,0,0,0,0,0,0,0,0,0,0,0,0,0,0,0,0,0,0,0,0,0,1,1,0,,0,0,,,1,1,0,0,1,0,0,,,,,,,,,,,,,,,,,,,
2008_9_24,3,LVEN,6,I,Ivinhema,1,0,0,0,0,,1,0,,0,0,0,0,0,0,1,,0,0,0,0,1,0,0,0,0,1,0,0,0,0,,0,0,0,1,0,1,0,0,0,1,0,0,0,,0,0,0,0,0,1,0,0,0,0,0,0,1,0,0,0,0,0,0,0,0,0,0,0,0,0,0,0,0,0,0,1,1,0,,0,1,,,1,1,1,0,1,0,0,,,,,,,,,,,,,,,,,,,
2008_11_25,4,LVEN,6,I,Ivinhema,1,0,0,0,0,,1,1,,0,1,0,0,0,0,0,,0,0,0,0,1,0,0,1,0,1,0,0,1,0,,0,0,0,0,0,1,0,0,0,1,1,0,0,,1,0,0,0,0,1,0,0,0,0,1,0,1,0,0,0,0,0,0,0,0,0,0,0,0,0,0,0,0,0,0,1,0,0,,0,0,,,1,0,1,0,1,0,0,,,,,,,,,,,,,,,,,,,
2009_3_13,1,LGAR,1,C,Parana,1,1,1,0,0,,1,0,,0,1,0,0,0,0,0,,0,1,0,0,1,0,0,0,0,1,0,0,0,0,,0,0,0,0,0,0,0,0,0,1,1,0,1,,1,0,0,0,1,1,0,0,0,0,0,0,1,0,1,0,0,1,0,0,0,0,1,1,0,0,0,0,1,0,0,0,0,0,,0,1,,,0,0,0,0,1,0,0,,,,,,,,,,,,,,,,,,,
2009_6_25,2,LGAR,1,C,Parana,1,1,0,0,0,,1,0,,0,1,0,1,0,0,0,,0,0,0,0,1,0,0,0,0,1,0,0,0,0,,0,0,0,0,0,0,1,0,0,1,0,0,1,,1,0,0,0,0,1,0,0,0,0,0,0,1,0,1,0,0,1,0,0,0,0,0,1,0,0,0,0,0,0,0,0,0,0,,0,1,,,0,0,0,0,1,0,0,,,,,,,,,,,,,,,,,,,
2009_9_17,3,LGAR,1,C,Parana,1,0,1,0,0,,1,0,,1,0,0,1,0,0,0,,0,0,0,0,1,0,0,0,0,1,0,0,0,0,,0,0,1,0,0,0,1,0,0,1,0,0,1,,1,1,0,0,1,1,0,0,0,0,0,0,1,0,1,0,0,1,0,0,0,0,1,0,1,0,1,0,1,0,0,0,0,0,,0,1,,,0,0,0,0,1,0,0,,,,,,,,,,,,,,,,,,,
2009_12_3,4,LGAR,1,C,Parana,0,0,0,0,0,,1,0,,0,0,0,0,0,0,0,,0,0,0,0,1,1,0,0,0,0,0,0,0,0,,0,0,0,0,0,0,1,0,0,1,0,1,1,,1,0,0,0,0,1,0,0,0,0,0,0,1,0,1,0,0,0,0,0,0,0,1,0,0,0,0,0,0,0,0,0,0,0,,0,0,,,0,0,0,1,0,0,0,,,,,,,,,,,,,,,,,,,
2009_3_12,1,LGUA,2,C,Baia,1,0,0,0,0,,0,0,,0,0,0,0,0,0,0,,0,0,0,0,1,1,0,1,0,0,1,0,0,0,,0,0,0,0,0,1,0,0,0,1,1,0,1,,1,1,0,0,0,1,0,0,0,0,0,0,1,0,1,0,0,0,0,0,0,0,0,0,0,0,0,0,1,1,0,1,0,0,,0,1,,,1,0,0,0,1,0,1,,,,,,,,,,,,,,,,,,,
2009_6_24,2,LGUA,2,C,Baia,1,1,0,0,0,,0,0,,0,0,0,0,0,0,0,,0,0,0,0,1,0,0,0,0,1,0,0,0,0,,0,0,0,0,0,1,0,0,0,1,0,0,1,,0,0,0,0,0,1,0,0,0,0,0,0,1,0,0,0,0,0,0,0,0,0,0,0,0,0,0,0,0,0,0,1,1,1,,0,0,,,1,0,0,1,1,0,1,,,,,,,,,,,,,,,,,,,
2009_9_16,3,LGUA,2,C,Baia,0,0,0,0,0,,0,0,,0,0,0,0,0,0,0,,0,0,0,0,1,0,0,0,0,1,0,0,0,0,,0,0,0,0,0,1,0,0,0,1,0,0,1,,0,0,0,0,0,1,0,0,0,0,0,0,1,0,0,0,0,1,0,0,0,0,0,0,0,0,0,0,1,0,0,1,1,1,,0,0,,,1,0,0,0,1,0,0,,,,,,,,,,,,,,,,,,,
2009_12_2,4,LGUA,2,C,Baia,1,0,0,0,0,,0,0,,0,0,0,0,0,0,0,,0,1,0,0,1,0,0,0,0,0,0,0,0,0,,0,0,0,0,0,1,0,0,0,1,0,0,0,,1,0,0,0,0,1,0,0,0,0,0,0,0,0,1,0,0,0,0,0,0,0,0,0,0,0,0,0,0,0,0,1,1,1,,0,1,,,1,0,1,0,1,0,1,,,,,,,,,,,,,,,,,,,
2009_3_11,1,LPAT,3,C,Ivinhema,1,0,0,0,0,,1,0,,0,0,0,0,0,0,0,,0,0,0,0,1,0,0,0,0,0,0,0,0,0,,0,0,0,0,0,0,0,0,0,1,0,0,1,,1,1,0,0,0,1,0,0,0,0,0,0,1,0,0,0,0,0,0,0,0,0,0,0,0,0,0,0,0,0,0,1,0,0,,0,0,,,0,0,1,0,1,0,0,,,,,,,,,,,,,,,,,,,
2009_6_23,2,LPAT,3,C,Ivinhema,0,0,0,0,0,,0,0,,1,0,0,0,0,0,0,,0,0,0,0,1,0,0,0,0,0,0,0,0,0,,0,0,0,0,0,1,0,0,0,1,0,0,1,,1,0,0,0,0,1,0,0,0,0,0,0,1,0,0,0,0,0,0,0,0,0,0,0,0,0,0,0,0,0,0,1,0,0,,0,0,,,0,0,0,1,1,0,0,,,,,,,,,,,,,,,,,,,
2009_9_15,3,LPAT,3,C,Ivinhema,1,0,0,0,0,,0,0,,0,0,0,0,0,0,0,,0,0,0,0,1,0,0,0,0,0,0,0,0,0,,0,0,0,0,0,1,0,0,0,1,1,0,1,,1,1,0,0,0,1,0,0,0,0,0,0,1,0,0,0,0,0,0,0,0,0,0,0,0,0,0,0,0,1,0,1,1,0,,0,0,,,0,0,0,0,1,0,1,,,,,,,,,,,,,,,,,,,
2009_12_1,4,LPAT,3,C,Ivinhema,1,0,0,0,0,,0,0,,0,0,0,0,0,0,0,,0,0,0,0,0,1,0,0,0,1,0,0,0,0,,0,0,0,0,0,1,1,0,0,1,0,0,1,,1,0,0,0,0,1,0,0,0,0,0,0,1,0,0,0,0,0,0,0,0,0,0,0,0,0,0,0,0,0,0,1,0,0,,0,0,,,0,0,1,0,1,0,1,,,,,,,,,,,,,,,,,,,
2009_3_13,1,LOSM,4,I,Parana,0,0,0,0,0,,1,0,,0,0,0,0,0,0,0,,0,0,0,0,0,0,0,0,0,1,0,0,0,0,,0,0,0,0,0,0,1,0,0,0,1,0,1,,1,0,0,0,1,1,0,1,0,0,0,0,0,0,1,0,0,0,0,0,0,0,0,0,0,0,0,0,0,0,0,0,0,0,,0,1,,,0,0,0,0,0,0,0,,,,,,,,,,,,,,,,,,,
2009_6_25,2,LOSM,4,I,Parana,0,1,1,0,0,,0,0,,0,0,0,0,0,0,0,,0,0,0,0,0,0,0,0,0,1,0,0,0,0,,0,0,1,0,0,0,1,0,0,0,0,0,1,,1,0,1,0,1,1,0,1,0,0,0,0,0,0,1,0,0,0,0,0,0,1,0,0,0,0,0,0,0,0,0,0,0,0,,0,1,,,0,0,0,0,0,0,0,,,,,,,,,,,,,,,,,,,
2009_9_17,3,LOSM,4,I,Parana,0,0,0,0,0,,1,0,,0,0,0,0,0,0,0,,0,1,0,0,0,0,0,0,0,0,0,0,0,0,,0,0,0,0,0,0,0,0,0,0,0,0,0,,0,1,1,0,0,1,0,1,0,0,0,0,0,0,1,0,0,0,0,0,0,1,0,0,0,0,0,0,0,0,0,0,0,0,,0,1,,,0,0,0,0,0,0,0,,,,,,,,,,,,,,,,,,,
2009_12_3,4,LOSM,4,I,Parana,0,0,0,0,0,,1,0,,0,0,0,0,0,0,0,,0,0,0,0,0,0,0,0,0,0,0,0,0,0,,0,0,0,0,0,0,1,0,0,0,0,0,1,,1,0,0,0,1,0,0,1,0,0,0,0,0,0,1,0,0,0,0,0,0,1,0,0,0,0,0,0,0,0,0,0,0,0,,0,1,,,0,0,0,0,0,0,0,,,,,,,,,,,,,,,,,,,
2009_3_12,1,LFEC,5,I,Baia,1,1,1,0,0,,1,0,,0,1,0,0,0,0,0,,0,0,0,0,1,1,0,1,0,1,1,0,0,0,,0,1,0,1,0,1,1,0,0,1,1,0,1,,1,0,1,1,1,1,0,1,0,0,1,0,0,0,0,0,0,0,0,0,0,0,0,0,0,0,0,0,1,1,0,1,0,1,,0,1,,,1,0,0,0,1,0,1,,,,,,,,,,,,,,,,,,,
2009_6_24,2,LFEC,5,I,Baia,1,0,0,0,0,,1,0,,0,0,0,0,0,0,0,,0,0,0,0,1,1,0,0,0,0,0,0,0,0,,0,1,0,1,0,1,0,0,0,1,0,0,1,,0,0,0,1,1,1,0,1,0,0,0,0,1,0,0,0,0,0,0,0,0,0,0,0,0,0,0,0,0,1,1,1,1,1,,0,1,,,1,0,1,0,1,0,1,,,,,,,,,,,,,,,,,,,
2009_9_16,3,LFEC,5,I,Baia,1,1,0,0,0,,1,0,,0,0,0,0,0,1,0,,0,0,0,0,1,0,0,0,0,0,0,0,0,0,,0,1,0,0,0,1,0,0,0,1,1,0,1,,0,0,0,1,0,1,0,1,0,0,0,0,1,0,0,0,0,0,0,0,0,0,0,0,0,0,0,0,0,1,1,1,0,1,,0,0,,,1,0,0,1,1,0,1,,,,,,,,,,,,,,,,,,,
2009_12_2,4,LFEC,5,I,Baia,1,1,0,0,0,,1,0,,0,0,0,0,0,0,0,,0,0,0,0,1,0,0,1,0,1,0,0,0,0,,0,0,0,0,0,1,0,0,0,1,1,0,1,,0,0,0,1,1,1,0,0,0,0,0,0,0,0,0,0,0,0,0,0,0,0,0,0,0,0,0,0,1,1,0,1,0,1,,0,1,,,1,0,1,0,1,0,1,,,,,,,,,,,,,,,,,,,
2009_3_11,1,LVEN,6,I,Ivinhema,1,0,0,0,0,,1,1,,0,0,0,1,0,1,0,,0,0,0,0,1,1,0,0,0,1,1,0,1,0,,0,0,0,0,0,1,0,0,0,1,1,0,0,,0,0,0,1,1,1,0,0,0,0,1,0,0,0,0,0,0,0,0,0,0,0,0,0,0,0,0,0,0,0,0,1,0,0,,0,1,,,1,0,1,0,1,0,0,,,,,,,,,,,,,,,,,,,
2009_6_23,2,LVEN,6,I,Ivinhema,1,0,0,0,0,,1,1,,0,0,0,1,0,0,0,,0,0,0,0,1,1,0,0,0,0,0,0,1,0,,0,0,0,0,0,1,0,0,0,1,0,0,0,,0,0,0,0,0,1,0,0,0,0,0,0,0,0,0,0,0,0,0,0,0,0,0,0,0,0,0,0,0,0,0,1,0,0,,0,0,,,0,0,0,0,1,0,0,,,,,,,,,,,,,,,,,,,
2009_9_15,3,LVEN,6,I,Ivinhema,1,0,0,0,0,,1,1,,0,0,0,0,0,0,0,,0,0,0,0,1,1,0,0,0,0,0,0,1,0,,0,0,0,0,0,1,1,0,0,1,1,0,0,,0,0,0,0,0,1,0,0,0,0,0,0,1,0,0,0,0,0,0,0,0,0,0,0,0,0,0,0,0,1,0,1,1,0,,0,0,,,0,0,1,0,1,0,0,,,,,,,,,,,,,,,,,,,
2009_12_1,4,LVEN,6,I,Ivinhema,0,0,0,0,0,,1,1,,0,0,0,0,0,0,0,,0,0,0,0,1,1,0,0,0,1,0,0,1,0,,0,0,0,0,0,1,1,0,0,0,1,0,0,,0,0,0,0,0,1,0,0,0,0,0,0,0,0,0,0,0,0,0,0,0,0,0,0,0,0,0,0,0,0,0,1,1,0,,0,0,,,0,0,0,0,1,0,1,,,,,,,,,,,,,,,,,,,
2010_3_8,1,LGAR,1,C,Parana,0,0,0,0,0,,0,0,,0,0,0,0,0,0,0,,0,0,1,0,1,1,0,0,0,0,0,0,0,0,,0,0,0,0,0,0,1,0,0,1,0,0,1,,1,1,0,0,0,1,0,0,0,0,0,0,1,0,1,0,0,1,0,0,0,0,1,0,0,0,0,0,0,0,0,0,0,0,,0,0,,,0,0,1,0,1,0,0,,,,,,,,,,,,,,,,,,,
2010_6_13,2,LGAR,1,C,Parana,1,1,0,0,0,,1,0,,0,0,0,0,0,0,0,,0,0,0,0,1,0,0,0,0,0,0,0,0,0,,0,0,0,0,0,0,1,0,0,1,1,0,1,,1,1,0,0,0,1,0,0,0,0,0,0,1,0,1,0,0,0,0,0,0,0,0,0,0,0,0,0,0,0,0,0,0,0,,0,1,,,1,1,1,0,1,0,0,,,,,,,,,,,,,,,,,,,
2010_9_16,3,LGAR,1,C,Parana,1,0,0,1,0,,1,0,,0,0,0,0,0,0,0,,0,0,1,0,1,1,0,0,0,1,0,0,1,0,,0,0,1,0,0,0,1,0,1,1,0,0,1,,1,1,0,0,1,1,0,0,0,0,0,0,1,0,1,0,0,0,0,0,0,0,0,0,0,0,0,0,0,0,0,0,0,0,,0,0,,,0,0,1,0,0,0,0,,,,,,,,,,,,,,,,,,,
2010_12_7,4,LGAR,1,C,Parana,0,0,0,1,0,,1,0,,0,0,0,0,0,0,0,,0,0,1,0,1,0,0,0,0,0,0,0,1,0,,0,0,0,0,0,0,0,0,0,1,0,0,1,,1,1,0,0,1,1,0,0,0,0,0,0,1,0,1,0,0,0,0,0,0,0,0,0,0,0,0,0,0,0,0,1,0,0,,0,0,,,0,0,1,0,0,0,0,,,,,,,,,,,,,,,,,,,
2010_3_7,1,LGUA,2,C,Baia,0,0,0,0,0,,0,0,,0,0,0,0,0,0,0,,0,0,0,0,0,1,0,0,0,0,0,0,0,0,,0,0,0,0,0,1,1,0,0,1,0,0,1,,0,0,0,0,0,1,0,0,1,0,0,0,0,0,1,0,0,0,0,0,0,0,0,0,0,0,0,0,1,0,0,1,0,1,,0,1,,,1,0,1,1,0,0,0,,,,,,,,,,,,,,,,,,,
2010_6_12,2,LGUA,2,C,Baia,1,0,0,0,0,,0,0,,0,0,0,0,0,0,0,,0,0,0,0,0,0,0,0,0,0,0,0,0,0,,0,1,0,0,0,1,1,0,0,1,0,0,1,,0,1,0,0,0,1,0,1,0,0,0,0,0,0,1,0,0,1,0,0,0,0,0,0,0,0,0,0,0,0,0,1,0,0,,0,0,,,1,0,1,1,1,0,0,,,,,,,,,,,,,,,,,,,
2010_9_15,3,LGUA,2,C,Baia,1,0,0,1,0,,1,0,,0,0,0,0,0,0,0,,0,0,0,0,1,0,0,0,0,0,0,0,0,0,,0,1,0,0,0,0,0,0,0,0,0,0,1,,1,0,0,0,0,0,0,0,0,0,0,0,1,0,0,0,0,0,0,0,0,0,0,0,1,0,1,0,0,0,0,1,0,0,,0,0,,,0,0,0,0,0,0,0,,,,,,,,,,,,,,,,,,,
2010_12_6,4,LGUA,2,C,Baia,1,0,0,1,0,,1,0,,0,0,0,0,0,0,0,,0,0,0,0,1,1,0,0,0,0,0,0,0,0,,0,1,0,0,0,1,1,0,0,1,0,0,1,,0,1,0,0,0,1,0,0,0,0,1,0,1,0,1,0,0,0,0,0,0,0,0,0,0,0,0,0,1,0,0,1,0,1,,0,1,,,1,0,1,0,1,0,0,,,,,,,,,,,,,,,,,,,
2010_3_6,1,LPAT,3,C,Ivinhema,0,1,0,0,0,,0,0,,1,0,0,0,0,0,0,,0,0,1,0,0,1,0,0,0,0,0,0,0,0,,0,0,0,0,0,0,1,0,0,1,0,1,1,,1,0,0,0,0,1,0,0,0,0,0,0,1,0,0,0,0,0,0,0,0,0,0,0,1,0,0,0,1,0,0,1,0,0,,0,1,,,1,0,1,0,1,0,0,,,,,,,,,,,,,,,,,,,
2010_6_11,2,LPAT,3,C,Ivinhema,1,1,0,0,0,,0,0,,1,0,0,0,0,0,0,,0,0,1,0,1,1,0,0,0,0,0,0,0,0,,0,0,0,0,0,0,0,0,0,1,1,0,1,,1,1,0,0,0,1,0,0,0,0,0,0,1,0,0,0,0,0,0,0,0,0,0,0,0,0,0,0,1,0,0,1,0,0,,0,1,,,0,0,1,1,1,0,0,,,,,,,,,,,,,,,,,,,
2010_9_14,3,LPAT,3,C,Ivinhema,1,0,0,0,0,,0,0,,1,0,0,1,0,0,0,,0,0,0,0,1,0,0,1,0,1,0,0,0,0,,0,0,0,0,0,0,0,0,0,0,1,0,1,,1,0,0,0,0,0,0,0,0,0,0,0,1,0,0,0,0,0,0,0,0,0,0,0,0,0,1,0,0,0,0,1,0,0,,0,0,,,0,0,1,1,0,0,0,,,,,,,,,,,,,,,,,,,
2010_12_5,4,LPAT,3,C,Ivinhema,1,1,0,1,0,,0,0,,1,0,0,0,0,0,0,,0,0,1,0,1,1,0,0,0,1,0,0,0,0,,0,0,0,0,0,1,1,0,0,1,1,0,1,,0,1,1,0,1,1,0,0,0,0,0,0,1,0,0,0,0,0,0,0,0,0,0,0,0,0,0,0,0,0,0,1,0,0,,0,1,,,1,0,1,1,0,0,1,,,,,,,,,,,,,,,,,,,
2010_3_8,1,LOSM,4,I,Parana,0,0,0,0,0,,0,0,,0,1,0,0,0,0,0,,0,0,1,0,0,0,0,0,0,0,0,0,0,0,,0,0,0,0,0,0,0,0,0,0,1,0,1,,1,0,0,0,0,0,0,0,0,0,0,0,0,0,1,0,0,0,0,0,0,0,0,0,0,0,0,0,0,0,0,0,0,0,,0,0,,,0,0,0,0,0,0,0,,,,,,,,,,,,,,,,,,,
2010_6_13,2,LOSM,4,I,Parana,1,1,0,0,0,,0,0,,0,0,0,0,0,0,0,,0,0,1,0,1,0,0,0,0,0,0,0,0,0,,0,0,0,0,0,0,0,0,0,0,1,1,1,,1,0,0,0,0,1,0,1,0,0,0,0,0,0,1,0,0,0,0,0,0,1,0,0,0,0,0,0,0,0,0,0,0,0,,0,1,,,0,0,0,0,0,0,0,,,,,,,,,,,,,,,,,,,
2010_9_16,3,LOSM,4,I,Parana,0,0,0,1,0,,0,0,,0,0,0,0,0,0,0,,0,0,0,0,0,1,0,0,0,0,0,0,0,0,,0,0,0,0,0,0,0,0,0,0,1,1,1,,0,1,0,0,1,0,0,1,0,0,0,0,0,0,1,0,0,0,0,0,0,1,0,0,0,0,1,0,0,0,0,0,0,0,,0,0,,,0,0,0,0,0,0,0,,,,,,,,,,,,,,,,,,,
2010_12_7,4,LOSM,4,I,Parana,1,0,0,0,0,,1,0,,0,0,0,0,0,0,0,,0,0,0,0,0,0,0,0,0,0,0,0,0,0,,0,0,0,0,0,0,1,0,0,0,1,0,1,,1,1,0,0,1,1,0,0,0,0,0,0,0,0,1,0,0,0,0,0,0,0,0,0,0,0,0,0,0,0,0,0,0,0,,0,1,,,0,0,0,0,0,0,0,,,,,,,,,,,,,,,,,,,
2010_3_7,1,LFEC,5,I,Baia,1,1,0,0,0,,1,1,,0,0,0,0,0,0,0,,0,0,0,0,1,1,0,0,0,0,0,0,0,0,,0,0,0,0,0,1,1,0,0,1,0,0,1,,0,0,0,1,1,1,0,1,0,0,0,0,1,0,1,0,0,0,0,0,0,0,0,0,0,0,0,0,1,0,0,1,0,1,,0,1,,,1,0,1,0,1,0,0,,,,,,,,,,,,,,,,,,,
2010_6_12,2,LFEC,5,I,Baia,1,1,0,0,0,,1,0,,0,0,0,0,0,0,0,,0,0,1,0,1,1,0,0,0,0,0,0,0,0,,0,1,0,0,0,1,1,0,0,1,1,0,0,,0,0,0,0,0,1,0,0,0,0,0,0,1,0,1,0,0,0,0,0,0,0,0,0,0,0,0,0,1,0,0,1,1,1,,0,1,,,1,0,1,0,1,0,0,,,,,,,,,,,,,,,,,,,
2010_9_15,3,LFEC,5,I,Baia,1,1,0,0,0,,0,0,,0,0,0,1,0,0,0,,0,0,0,1,1,0,0,1,0,1,0,0,0,0,,0,1,0,1,0,0,0,1,0,0,1,0,1,,1,1,0,0,1,0,0,1,0,0,0,0,1,0,0,0,0,0,0,0,0,0,0,0,1,0,1,0,0,0,0,1,0,0,,0,1,,,0,0,0,1,0,0,0,,,,,,,,,,,,,,,,,,,
2010_12_6,4,LFEC,5,I,Baia,1,1,0,1,0,,1,0,,0,0,0,0,0,0,0,,0,0,0,0,1,1,0,0,0,1,0,0,0,0,,0,0,0,0,0,1,1,0,0,1,1,0,1,,1,0,0,0,0,1,0,1,0,1,0,0,1,0,1,0,0,0,0,0,0,0,0,0,1,0,0,0,0,1,0,1,1,1,,0,1,,,1,0,1,1,1,0,0,,,,,,,,,,,,,,,,,,,
2010_3_6,1,LVEN,6,I,Ivinhema,1,1,0,0,0,,0,1,,1,1,0,1,0,1,0,,0,0,1,0,1,0,0,0,0,1,0,0,1,0,,0,0,0,0,0,0,0,0,0,1,1,0,0,,0,0,0,0,0,1,0,1,0,0,1,0,1,0,0,0,0,1,0,0,0,0,0,0,0,0,0,0,0,0,0,1,0,0,,0,0,,,0,0,0,0,0,0,0,,,,,,,,,,,,,,,,,,,
2010_6_11,2,LVEN,6,I,Ivinhema,1,1,0,0,0,,1,1,,1,0,0,0,0,1,0,,0,0,1,0,1,1,0,0,0,1,0,0,1,0,,0,1,0,0,0,1,0,0,0,1,1,0,0,,1,0,0,0,1,1,0,0,0,0,0,0,1,0,0,0,1,0,0,0,0,0,0,0,1,0,0,0,0,0,0,1,0,0,,0,1,,,0,0,1,0,1,0,0,,,,,,,,,,,,,,,,,,,
2010_9_14,3,LVEN,6,I,Ivinhema,1,0,0,0,0,,0,0,,0,0,0,0,1,0,0,,0,0,1,0,1,0,0,0,0,1,0,0,0,1,,0,1,0,1,0,0,0,0,1,0,0,0,1,,0,0,1,0,1,0,0,0,0,0,1,0,1,0,0,0,0,0,0,0,0,0,0,0,0,0,1,0,0,0,0,1,0,0,,0,0,,,0,0,0,1,0,0,0,,,,,,,,,,,,,,,,,,,
2010_12_5,4,LVEN,6,I,Ivinhema,1,1,0,0,0,,1,0,,0,0,0,0,0,0,0,,0,0,1,0,1,1,0,0,0,1,0,0,1,0,,0,0,0,0,0,0,1,0,0,1,1,0,0,,0,0,0,0,0,1,0,0,0,0,0,0,1,0,0,0,0,0,0,0,0,0,0,0,0,0,0,0,0,0,0,1,0,1,,0,1,,,0,0,0,0,1,0,0,,,,,,,,,,,,,,,,,,,
2011_6_15,2,LGAR,1,C,Parana,1,0,1,0,0,,1,0,,0,1,0,0,0,0,0,,0,0,0,0,1,1,0,0,0,0,1,0,0,0,,0,0,0,0,0,0,1,0,0,1,1,0,1,,1,1,0,0,0,1,0,0,0,0,0,0,1,0,0,0,0,0,0,0,0,0,0,0,0,0,0,0,1,0,0,0,0,0,,0,1,,,0,0,1,0,0,0,0,,,,,,,,,,,,,,,,,,,
2011_9_20,3,LGAR,1,C,Parana,1,0,0,0,0,,1,0,,0,1,0,0,0,0,0,,0,0,1,0,1,1,0,0,0,0,0,0,0,0,,0,0,0,0,0,0,0,0,1,1,1,0,1,,1,1,0,0,1,0,0,0,0,0,0,0,1,0,1,0,0,0,0,0,0,0,0,0,0,0,0,0,0,0,0,0,0,0,,0,1,,,0,0,1,0,0,0,0,,,,,,,,,,,,,,,,,,,
2011_12_5,4,LGAR,1,C,Parana,1,0,0,1,0,,1,1,,0,1,0,1,0,0,0,,0,1,1,0,1,0,0,0,0,0,1,0,1,0,,0,0,0,0,0,0,0,0,1,1,1,0,0,,1,1,0,0,0,1,0,0,0,0,0,0,1,0,1,0,0,0,0,0,0,0,0,0,0,0,0,0,0,0,0,1,0,0,,0,1,,,0,0,1,0,0,0,0,,,,,,,,,,,,,,,,,,,
2011_6_13,2,LGUA,2,C,Baia,1,0,0,0,0,,0,0,,0,0,0,0,0,0,0,,0,0,0,0,1,0,0,0,0,0,0,0,0,0,,0,0,0,0,0,1,0,0,0,1,1,0,1,,1,0,0,0,0,1,0,0,0,0,1,0,1,0,0,0,0,0,0,0,0,0,0,0,0,0,0,0,1,0,0,1,0,1,,0,0,,,1,0,1,0,1,0,0,,,,,,,,,,,,,,,,,,,
2011_9_19,3,LGUA,2,C,Baia,1,0,0,1,0,,1,0,,0,0,0,0,0,0,0,,0,0,0,0,1,1,0,0,0,0,0,0,0,0,,0,1,0,0,0,1,0,0,0,0,1,0,0,,0,1,0,0,0,1,0,0,0,0,1,0,1,0,1,0,0,1,0,0,0,0,0,0,0,0,0,0,1,0,0,1,0,1,,0,0,,,1,0,1,0,1,0,0,,,,,,,,,,,,,,,,,,,
2011_12_4,4,LGUA,2,C,Baia,1,0,0,1,0,,1,0,,0,0,0,0,0,0,0,,0,0,0,0,1,1,0,0,0,0,0,0,0,0,,1,0,0,0,0,1,0,0,0,0,1,0,1,,1,0,0,0,1,1,0,1,0,0,1,0,1,0,1,0,0,0,0,0,0,0,0,0,0,0,0,0,0,1,0,1,0,1,,0,1,,,1,0,0,0,1,0,1,,,,,,,,,,,,,,,,,,,
2011_6_11,2,LPAT,3,C,Ivinhema,1,0,0,0,0,,0,0,,1,0,0,0,0,0,0,,0,0,1,0,0,0,0,0,0,0,0,0,0,0,,0,0,0,0,0,0,0,0,0,1,0,1,0,,1,0,0,0,0,1,0,0,0,0,0,0,1,0,0,0,0,0,0,0,0,0,0,0,0,0,1,0,0,0,0,1,0,0,,0,1,,,0,0,0,0,0,0,0,,,,,,,,,,,,,,,,,,,
2011_9_18,3,LPAT,3,C,Ivinhema,1,0,0,0,1,,0,0,,1,1,0,0,0,0,0,,0,0,1,0,1,1,0,0,0,0,0,0,0,0,,0,0,0,0,0,1,0,0,0,1,1,0,1,,1,1,0,0,0,1,0,0,0,0,0,0,1,0,1,0,0,1,0,0,1,0,0,0,1,0,0,0,1,0,0,1,1,0,,0,0,,,0,0,0,0,1,0,0,,,,,,,,,,,,,,,,,,,
2011_12_3,4,LPAT,3,C,Ivinhema,1,0,0,0,0,,1,0,,0,0,0,0,0,0,0,,0,0,1,0,0,0,0,0,0,0,0,0,0,0,,0,0,0,0,0,1,0,0,0,1,1,0,1,,0,1,0,0,0,1,0,0,0,0,0,0,1,0,0,0,0,0,0,0,0,0,0,0,0,0,1,0,0,0,0,1,0,0,,0,1,,,0,0,1,0,1,0,0,,,,,,,,,,,,,,,,,,,
2011_6_15,2,LOSM,4,I,Parana,0,1,0,1,0,,0,0,,0,1,0,0,0,0,0,,0,0,0,0,1,1,0,0,0,0,0,0,0,0,,0,0,0,0,0,0,1,0,0,1,1,0,1,,1,0,0,0,0,1,0,1,0,0,0,0,0,0,1,0,0,0,0,0,0,0,0,0,0,0,0,0,1,0,0,0,0,0,,0,0,,,0,0,0,0,0,0,0,,,,,,,,,,,,,,,,,,,
2011_9_20,4,LOSM,4,I,Parana,0,0,0,1,0,,0,1,,0,1,0,0,0,0,0,,0,1,0,0,0,1,0,0,0,0,0,0,0,0,,0,0,0,0,0,0,1,0,0,0,1,0,1,,0,1,0,0,0,1,0,1,0,0,0,0,0,0,1,0,0,0,0,0,0,1,0,0,0,0,0,0,0,0,0,0,0,0,,0,1,,,0,0,0,0,0,0,0,,,,,,,,,,,,,,,,,,,
2011_6_13,2,LFEC,5,I,Baia,1,0,0,0,0,,0,0,,0,0,0,0,0,0,0,,0,0,0,0,1,0,0,0,0,0,0,0,0,0,,0,1,0,0,0,1,0,0,0,0,0,0,0,,1,0,0,0,1,1,0,1,0,0,0,0,0,0,1,0,0,0,0,0,0,0,0,0,1,0,0,0,0,0,0,1,0,1,,0,1,,,0,0,0,0,0,0,0,,,,,,,,,,,,,,,,,,,
2011_9_19,3,LFEC,5,I,Baia,1,0,0,0,0,,1,0,,0,0,0,1,0,0,0,,0,0,1,0,1,1,0,0,0,0,0,0,0,0,,0,1,0,0,0,1,0,1,0,1,1,0,1,,1,1,1,0,1,1,0,1,0,0,1,0,1,0,1,0,0,0,0,0,0,0,0,0,1,0,0,0,0,0,0,1,0,1,,0,1,,,0,0,0,0,1,0,0,,,,,,,,,,,,,,,,,,,
2011_12_4,4,LFEC,5,I,Baia,1,0,0,0,0,,1,1,,1,0,0,0,0,0,0,,0,0,1,0,1,0,0,1,0,0,0,0,0,0,,0,1,0,0,0,1,0,0,1,0,1,0,0,,1,1,1,0,1,1,0,1,0,0,0,0,1,0,1,0,0,0,0,0,0,0,0,0,1,0,0,0,0,0,0,1,0,1,,0,1,,,0,1,0,0,0,0,0,,,,,,,,,,,,,,,,,,,
2011_6_11,2,LVEN,6,I,Ivinhema,0,1,0,1,0,,0,0,,1,1,0,0,0,0,0,,0,0,1,0,1,0,0,0,0,0,0,0,0,0,,0,0,0,0,0,1,1,0,0,1,1,1,0,,0,1,0,0,0,1,0,1,0,0,0,0,1,0,0,0,0,0,0,0,0,0,0,0,0,0,0,0,0,0,0,1,0,0,,0,1,,,0,0,1,0,1,0,0,,,,,,,,,,,,,,,,,,,
2011_9_18,3,LVEN,6,I,Ivinhema,1,1,0,0,0,,1,0,,1,0,0,0,0,0,0,,0,0,1,0,1,1,0,0,0,0,0,0,1,0,,0,1,0,0,0,0,0,0,0,1,1,0,0,,0,0,0,0,0,1,0,1,0,0,0,0,1,0,1,0,0,0,0,0,0,0,0,0,0,0,0,0,0,0,0,1,0,0,,0,0,,,0,0,1,0,1,0,0,,,,,,,,,,,,,,,,,,,
2011_12_3,4,LVEN,6,I,Ivinhema,1,0,0,0,0,,1,1,,0,0,0,1,0,0,0,,0,0,1,0,1,1,0,0,0,0,0,0,0,0,,0,1,0,0,0,0,0,0,0,1,1,0,0,,1,0,0,0,0,1,0,0,0,0,1,0,0,0,0,0,0,0,0,0,0,0,0,0,0,0,0,0,0,0,0,1,0,0,,0,0,,,0,0,1,0,1,0,0,,,,,,,,,,,,,,,,,,,
2012_2_28,1,LGAR,1,C,Parana,1,0,0,0,0,,1,0,,1,0,0,0,0,0,0,,0,1,1,0,0,1,0,1,0,0,0,0,0,0,,0,0,0,0,0,0,1,0,0,1,0,0,0,,1,0,0,0,1,1,0,0,0,0,0,0,1,0,0,0,0,0,1,0,0,0,0,0,0,0,0,0,0,0,0,1,0,0,,0,0,,,0,0,1,0,0,0,0,,,,,,,,,,,,,,,,,,,
2012_6_4,2,LGAR,1,C,Parana,1,0,0,0,0,,1,0,,0,1,0,0,0,0,0,,0,0,1,0,1,1,0,0,0,0,0,0,0,0,,0,0,0,0,0,0,0,0,1,1,0,0,0,,1,1,0,0,0,1,0,0,0,0,0,0,1,0,1,0,0,0,0,0,0,0,0,0,1,0,0,0,0,0,0,0,0,0,,0,1,,,0,0,1,0,0,0,0,,,,,,,,,,,,,,,,,,,
2012_9_4,3,LGAR,1,C,Parana,1,0,0,0,0,,1,0,,0,1,0,0,0,0,0,,0,0,1,0,0,1,0,0,0,0,0,0,0,0,,0,0,0,0,0,0,1,0,1,1,0,0,0,,1,1,0,0,0,1,0,0,0,0,0,0,1,0,0,0,0,0,1,0,0,0,0,0,0,0,0,0,0,0,0,1,0,0,,0,1,,,0,0,1,1,0,0,0,,,,,,,,,,,,,,,,,,,
2012_12_4,4,LGAR,1,C,Parana,1,0,0,0,0,,0,0,,1,0,0,0,1,0,0,,0,0,1,0,1,1,0,0,0,0,0,0,0,0,,0,0,1,0,0,1,0,0,0,0,1,1,0,,0,0,0,0,0,1,0,0,0,0,0,0,0,0,0,1,0,1,0,0,1,0,0,0,0,1,0,0,0,0,0,1,0,0,,0,0,,,0,0,0,1,0,0,0,,,,,,,,,,,,,,,,,,,
2012_2_27,1,LGUA,2,C,Baia,0,1,0,1,0,,0,0,,0,0,0,0,0,0,0,,0,0,1,0,0,1,0,0,0,0,0,0,0,0,,0,0,0,0,0,1,0,0,0,0,0,0,1,,1,0,0,0,0,1,0,0,0,0,1,0,1,0,1,0,0,1,0,0,0,0,0,0,0,0,0,0,1,0,0,1,0,1,,0,0,,,1,0,1,0,1,0,0,,,,,,,,,,,,,,,,,,,
2012_6_3,2,LGUA,2,C,Baia,1,0,0,0,0,,1,0,,0,0,0,0,0,0,0,,1,0,0,0,1,0,0,0,0,0,0,0,0,0,,0,0,0,0,0,1,0,0,0,1,1,0,1,,0,1,0,0,1,1,0,1,0,0,1,0,1,0,1,0,0,1,0,0,0,0,0,0,0,0,0,0,0,0,0,1,0,1,,0,1,,,1,0,0,1,1,0,0,,,,,,,,,,,,,,,,,,,
2012_9_3,3,LGUA,2,C,Baia,1,0,0,1,0,,1,0,,1,0,0,0,0,0,0,,0,0,0,0,0,1,0,0,0,0,0,0,0,0,,0,1,0,0,0,1,0,0,0,1,0,0,0,,1,1,0,0,1,1,0,1,0,0,1,0,1,0,1,0,0,1,0,0,0,0,0,0,0,0,0,0,1,0,0,1,0,1,,0,0,,,0,0,1,1,1,0,0,,,,,,,,,,,,,,,,,,,
2012_12_3,4,LGUA,2,C,Baia,1,0,0,0,0,,0,0,,0,0,0,0,0,1,1,,0,0,1,0,1,1,0,0,0,1,0,0,0,0,,0,0,1,0,0,0,0,0,0,0,1,1,0,,0,1,0,0,0,1,0,1,0,0,0,1,0,0,0,0,0,0,0,0,0,0,0,0,1,1,0,0,0,0,0,0,0,0,,0,0,,,0,0,0,0,0,0,0,,,,,,,,,,,,,,,,,,,
2012_2_26,1,LPAT,3,C,Ivinhema,1,0,0,0,0,,0,0,,1,0,0,0,0,0,0,,0,1,1,0,1,1,0,0,0,0,0,0,0,0,,0,0,0,0,0,0,0,0,0,0,0,0,1,,1,0,0,0,0,1,0,0,0,0,0,0,1,0,1,1,0,0,0,0,0,0,0,0,0,0,0,0,0,0,0,1,0,0,,0,0,,,0,0,1,0,1,0,0,,,,,,,,,,,,,,,,,,,
2012_6_2,2,LPAT,3,C,Ivinhema,1,0,0,0,0,,1,0,,1,1,0,1,0,0,0,,0,0,1,0,1,1,0,0,0,0,1,0,0,0,,0,0,0,1,0,0,1,0,0,1,1,0,1,,1,1,0,0,1,1,0,1,0,0,1,0,1,0,1,0,0,1,0,0,0,0,0,0,0,0,0,0,0,1,0,1,1,0,,0,0,,,0,0,1,0,1,0,0,,,,,,,,,,,,,,,,,,,
2012_9_2,3,LPAT,3,C,Ivinhema,1,0,0,0,0,,0,0,,1,0,0,0,0,0,0,,0,0,0,0,1,0,0,0,0,0,0,0,0,0,,0,0,0,0,0,1,0,0,0,1,0,0,0,,0,1,0,0,0,1,0,0,0,0,0,0,1,0,1,0,0,0,1,0,0,0,0,0,0,0,0,0,0,0,0,1,1,0,,0,1,,,0,0,1,1,1,0,0,,,,,,,,,,,,,,,,,,,
2012_12_1,4,LPAT,3,C,Ivinhema,1,0,0,1,0,,0,0,,1,0,1,0,0,0,1,,0,0,0,1,1,0,0,0,0,1,0,0,0,0,,0,0,1,0,0,0,1,0,0,0,1,1,0,,0,1,1,0,0,1,0,1,0,0,0,1,0,0,1,1,0,1,0,0,0,0,0,0,1,1,0,0,0,0,0,0,0,0,,0,0,,,0,0,0,0,0,0,0,,,,,,,,,,,,,,,,,,,
2012_2_27,1,LOSM,4,I,Parana,1,0,0,0,0,,0,0,,0,0,0,0,0,0,0,,0,1,1,0,0,0,0,0,0,0,0,0,0,0,,0,0,0,0,0,0,1,0,0,0,1,0,1,,1,0,0,0,1,1,0,0,0,0,0,0,0,0,1,0,0,0,0,0,0,1,0,0,0,0,0,0,0,0,0,0,0,0,,0,1,,,0,0,0,0,0,0,0,,,,,,,,,,,,,,,,,,,
2012_6_4,2,LOSM,4,I,Parana,1,0,0,0,0,,0,0,,0,1,0,0,0,0,0,,0,1,0,0,0,0,0,0,0,0,1,0,0,0,,0,0,0,0,0,0,1,0,0,0,0,0,1,,0,1,0,0,1,1,0,1,0,0,0,0,0,0,1,0,0,0,0,0,0,1,0,0,0,0,0,0,0,0,0,0,0,0,,0,1,,,0,0,0,0,0,0,0,,,,,,,,,,,,,,,,,,,
2012_9_4,3,LOSM,4,I,Parana,1,1,0,0,0,,1,0,,0,1,0,0,0,0,0,,0,1,1,1,0,0,0,0,0,0,0,0,0,0,,0,0,0,0,0,0,0,0,0,0,0,0,1,,0,1,0,0,1,1,0,1,0,0,0,0,0,0,1,0,0,0,0,0,0,1,0,0,0,0,0,0,0,0,0,0,0,0,,0,1,,,0,0,0,0,0,0,0,,,,,,,,,,,,,,,,,,,
2012_12_3,4,LOSM,4,I,Parana,0,0,0,0,0,,0,0,,1,0,1,0,0,0,0,,0,0,1,0,0,0,0,0,0,1,0,0,0,0,,0,0,0,0,0,0,0,0,0,0,0,1,0,,0,0,0,0,0,1,0,0,0,0,0,0,0,0,1,0,0,0,0,0,0,1,0,0,0,0,0,0,0,0,0,0,0,0,,0,0,,,0,0,0,0,0,0,0,,,,,,,,,,,,,,,,,,,
2012_2_27,1,LFEC,5,I,Baia,1,1,0,0,0,,0,0,,0,0,0,0,0,0,0,,0,0,0,0,1,1,0,0,0,0,0,0,0,0,,0,1,0,0,0,1,0,0,0,1,0,0,1,,1,1,0,1,1,0,0,0,0,0,1,0,1,0,1,0,0,0,0,0,0,0,0,0,1,0,0,0,1,0,0,1,0,1,,0,1,,,0,0,1,0,1,0,0,,,,,,,,,,,,,,,,,,,
2012_6_3,2,LFEC,5,I,Baia,1,0,0,0,0,,1,0,,0,1,0,0,0,0,0,,0,1,0,0,1,1,0,1,0,0,1,0,0,0,,0,1,0,0,0,1,1,0,0,1,0,0,0,,1,0,0,1,1,1,0,1,0,0,0,0,1,0,1,0,0,0,0,0,0,0,0,0,1,0,0,0,0,0,0,1,0,1,,0,1,,,0,0,0,0,1,0,0,,,,,,,,,,,,,,,,,,,
2012_9_3,3,LFEC,5,I,Baia,1,1,0,0,0,,1,0,,1,0,0,0,0,0,0,,0,0,0,0,1,1,0,0,0,0,0,0,0,0,,0,1,0,0,0,0,0,0,0,1,0,0,0,,1,1,0,0,1,1,0,1,0,0,0,0,1,0,1,0,0,1,0,0,0,0,0,0,1,0,0,0,0,0,0,1,0,1,,0,1,,,0,0,1,1,1,0,0,,,,,,,,,,,,,,,,,,,
2012_12_3,4,LFEC,5,I,Baia,1,0,0,0,0,,0,0,,1,0,0,0,0,1,1,,0,0,1,0,0,1,0,0,0,1,0,0,1,0,,0,0,1,0,0,0,1,0,0,0,1,1,0,,0,0,0,0,0,1,0,0,1,0,0,0,0,0,1,0,0,0,0,0,0,1,0,0,0,1,0,0,0,0,0,0,0,0,,0,0,,,0,0,0,1,0,0,0,,,,,,,,,,,,,,,,,,,
2012_2_26,1,LVEN,6,I,Ivinhema,1,0,0,0,0,,0,1,,1,0,0,1,0,0,0,,0,0,1,0,1,0,0,0,0,0,0,0,1,0,,0,1,0,0,0,0,1,0,0,0,0,0,0,,0,0,0,0,0,1,0,1,0,0,1,0,0,0,0,0,0,0,0,0,0,0,0,0,0,0,0,0,0,0,0,1,0,0,,0,0,,,0,0,1,0,1,0,0,,,,,,,,,,,,,,,,,,,
2012_6_2,2,LVEN,6,I,Ivinhema,1,0,0,0,0,,1,1,,1,0,0,0,0,0,0,,0,0,1,0,1,0,0,0,0,0,0,0,0,0,,0,0,0,0,0,1,0,0,0,1,1,0,0,,1,1,0,0,0,1,0,1,0,0,1,0,1,0,0,0,0,0,0,0,0,0,0,0,0,0,0,0,0,0,0,1,0,0,,0,0,,,0,0,0,1,1,0,0,,,,,,,,,,,,,,,,,,,
2012_9_2,3,LVEN,6,I,Ivinhema,1,0,0,0,0,,1,1,,1,1,0,0,0,0,0,,0,0,1,0,1,0,0,0,0,0,0,0,0,0,,0,0,0,0,0,1,1,0,0,1,0,0,0,,0,1,0,0,0,1,0,0,0,0,0,0,0,0,0,0,1,0,0,0,0,0,0,0,0,0,0,0,0,0,0,1,0,0,,0,0,,,0,0,0,0,1,0,0,,,,,,,,,,,,,,,,,,,
2012_12_1,4,LVEN,6,I,Ivinhema,1,0,0,0,0,,0,0,,0,0,0,0,0,1,0,,0,0,1,0,1,1,0,0,0,1,0,0,0,1,,0,0,0,0,0,1,0,0,0,0,1,0,0,,0,0,0,0,0,1,0,0,0,0,0,0,0,0,1,0,0,0,0,0,0,0,0,0,0,0,0,0,0,0,0,0,0,0,,0,0,,,0,0,0,1,0,0,0,,,,,,,,,,,,,,,,,,,
2013_3_1,1,LGAR,1,C,Parana,1,0,0,0,0,,1,0,,0,1,0,0,0,0,0,,0,0,1,0,1,1,0,0,0,0,0,0,0,0,,0,0,1,0,1,0,0,0,1,1,1,0,0,,1,1,0,0,1,1,0,0,0,0,0,0,1,0,1,0,0,0,0,0,0,0,1,0,1,0,0,0,0,0,0,1,0,0,,0,0,,,0,0,1,0,0,0,0,,,,,,,,,,,,,,,,,,,
2013_6_1,2,LGAR,1,C,Parana,0,0,0,0,0,,0,0,,0,0,0,0,0,0,0,,0,0,0,0,0,0,0,0,0,0,0,0,0,0,,0,0,0,0,0,0,0,0,0,0,0,0,0,,1,0,0,0,0,0,0,0,0,0,0,0,0,0,0,0,0,0,0,0,0,0,0,0,0,0,0,0,0,0,0,0,0,0,,0,0,,,0,0,0,0,0,0,0,,,,,,,,,,,,,,,,,,,
2013_9_1,3,LGAR,1,C,Parana,0,0,0,0,0,,0,0,,0,0,0,0,0,0,0,,0,0,0,0,0,0,0,0,0,0,0,0,0,0,,0,0,0,0,0,0,0,0,0,0,0,0,0,,1,0,0,0,1,0,0,0,0,0,0,0,0,0,0,0,0,0,0,0,0,0,0,0,0,0,0,0,0,0,0,0,0,0,,0,0,,,0,0,0,0,0,0,0,,,,,,,,,,,,,,,,,,,
2013_12_1,4,LGAR,1,C,Parana,0,0,0,0,0,,0,0,,0,0,0,0,0,0,0,,0,0,0,0,0,0,0,0,0,0,0,0,0,0,,0,0,0,0,0,0,0,0,0,0,0,0,0,,1,0,0,0,1,0,0,0,0,0,0,0,0,0,0,0,0,0,0,0,0,0,0,0,0,0,0,0,0,0,0,0,0,0,,0,0,,,0,0,0,0,0,0,0,,,,,,,,,,,,,,,,,,,
2013_3_1,1,LGUA,2,C,Baia,1,0,0,0,0,,1,0,,1,0,0,0,0,0,0,,0,0,1,1,1,1,0,0,0,0,0,0,0,0,,0,0,0,0,0,1,0,0,0,1,1,0,1,,0,1,0,0,1,1,0,1,0,0,1,1,1,0,1,0,0,1,0,0,0,0,0,0,0,0,0,0,1,1,0,1,0,1,,0,0,,,1,0,0,1,1,0,0,,,,,,,,,,,,,,,,,,,
2013_6_1,2,LGUA,2,C,Baia,0,0,0,0,0,,0,0,,0,0,0,0,0,0,0,,0,0,0,0,0,0,0,0,0,0,0,0,0,0,,0,0,0,0,0,0,0,0,0,0,0,0,0,,1,0,0,1,0,0,0,0,0,0,0,0,0,0,0,0,0,0,0,0,0,0,0,0,0,0,0,0,0,0,0,0,0,0,,0,0,,,0,0,0,0,0,0,0,,,,,,,,,,,,,,,,,,,
2013_9_1,3,LGUA,2,C,Baia,0,0,0,0,0,,0,0,,0,0,0,0,0,0,0,,0,0,0,0,0,0,0,0,0,0,0,0,0,0,,0,0,0,0,0,0,0,0,0,0,0,0,0,,1,0,0,0,1,0,0,0,0,0,0,0,0,0,0,0,0,0,0,0,0,0,0,0,0,0,0,0,0,0,0,0,0,0,,0,0,,,0,0,0,0,0,0,0,,,,,,,,,,,,,,,,,,,
2013_12_1,4,LGUA,2,C,Baia,0,0,0,0,0,,0,0,,0,0,0,0,0,0,0,,0,0,0,0,0,0,0,0,0,0,0,0,0,0,,0,0,0,0,0,0,0,0,0,0,0,0,0,,0,0,0,0,0,0,0,0,0,0,0,0,0,0,0,0,0,0,0,0,0,0,0,0,0,0,0,0,0,0,0,0,0,0,,0,0,,,0,0,0,0,0,0,0,,,,,,,,,,,,,,,,,,,
2013_3_1,1,LPAT,3,C,Ivinhema,1,0,0,0,0,,1,0,,1,0,0,0,0,0,0,,0,0,1,0,1,1,0,0,0,0,0,0,0,0,,0,0,0,0,0,1,0,0,0,1,1,0,1,,1,1,0,0,1,1,0,0,0,0,0,0,1,0,0,0,0,0,0,0,0,0,0,0,0,0,0,0,0,0,0,1,0,0,,0,1,,,0,0,1,0,1,0,0,,,,,,,,,,,,,,,,,,,
2013_6_1,2,LPAT,3,C,Ivinhema,0,0,0,0,0,,0,0,,0,0,0,0,0,0,0,,0,0,0,0,0,0,0,0,0,0,0,0,0,0,,0,0,0,0,0,0,0,0,0,0,0,0,0,,1,0,0,1,1,0,0,0,0,0,0,0,0,0,0,0,0,0,0,0,0,0,0,0,0,0,0,0,0,0,0,0,0,0,,0,0,,,0,0,0,0,0,0,0,,,,,,,,,,,,,,,,,,,
2013_9_1,3,LPAT,3,C,Ivinhema,0,0,0,0,0,,0,0,,0,0,0,0,0,0,0,,0,0,0,0,0,0,0,0,0,0,0,0,0,0,,0,0,0,0,0,0,0,0,0,0,0,0,0,,1,0,0,0,1,0,0,0,0,0,0,0,0,0,0,0,0,0,0,0,0,0,0,0,0,0,0,0,0,0,0,0,0,0,,0,0,,,0,0,0,0,0,0,0,,,,,,,,,,,,,,,,,,,
2013_12_1,4,LPAT,3,C,Ivinhema,0,0,0,0,0,,0,0,,0,0,0,0,0,0,0,,0,0,0,0,0,0,0,0,0,0,0,0,0,0,,0,0,0,0,0,0,0,0,0,0,0,0,0,,1,0,0,0,1,0,1,0,0,0,0,0,0,0,0,0,0,0,0,0,0,0,0,0,0,0,0,0,0,0,0,0,0,0,,0,0,,,0,0,0,0,0,0,0,,,,,,,,,,,,,,,,,,,
2013_3_1,1,LOSM,4,I,Parana,1,0,0,1,0,,0,0,,0,1,0,0,0,0,0,,0,1,0,1,0,0,0,0,0,0,1,0,0,0,,0,0,0,0,0,0,1,0,0,0,1,0,1,,1,0,0,0,1,1,0,1,0,0,0,0,0,0,1,0,0,0,0,0,0,1,0,0,0,0,0,0,0,0,0,0,0,0,,0,1,,,0,0,0,0,0,0,0,,,,,,,,,,,,,,,,,,,
2013_6_1,2,LOSM,4,I,Parana,0,0,0,0,0,,0,0,,0,0,0,0,0,0,0,,0,0,0,0,0,0,0,0,0,0,0,0,0,0,,0,0,0,0,0,0,0,0,0,0,0,0,0,,1,0,0,0,0,0,0,0,0,0,0,0,0,0,0,0,0,0,0,0,0,0,0,0,0,0,0,0,0,0,0,0,0,0,,0,0,,,0,0,0,0,0,0,0,,,,,,,,,,,,,,,,,,,
2013_9_1,3,LOSM,4,I,Parana,0,0,0,0,0,,0,0,,0,0,0,0,0,0,0,,0,0,0,0,0,0,0,0,0,0,0,0,0,0,,0,0,0,0,0,0,0,0,0,0,0,0,0,,1,0,0,0,1,0,0,0,0,0,0,0,0,0,0,0,0,0,0,0,0,0,0,0,0,0,0,0,0,0,0,0,0,0,,0,0,,,0,0,0,0,0,0,0,,,,,,,,,,,,,,,,,,,
2013_12_1,4,LOSM,4,I,Parana,0,0,0,0,0,,0,0,,0,0,0,0,0,0,0,,0,0,0,0,0,0,0,0,0,0,0,0,0,0,,0,0,0,0,0,0,0,0,0,0,0,0,0,,1,0,0,0,1,0,0,0,0,0,0,0,0,0,0,0,0,0,0,0,0,0,0,0,0,0,0,0,0,0,0,0,0,0,,0,0,,,0,0,0,0,0,0,0,,,,,,,,,,,,,,,,,,,
2013_3_1,1,LFEC,5,I,Baia,1,1,0,1,0,,1,1,,1,1,0,0,0,0,0,,0,1,1,0,1,1,0,1,0,0,1,0,0,0,,0,1,0,0,0,1,1,0,0,1,0,0,1,,1,0,1,1,1,1,0,1,0,0,1,0,1,0,1,0,0,0,0,0,0,0,0,0,0,0,0,0,0,0,0,1,0,0,,0,1,,,0,0,1,1,1,0,0,,,,,,,,,,,,,,,,,,,
2013_6_1,2,LFEC,5,I,Baia,0,0,0,0,0,,0,0,,0,0,0,0,0,0,0,,0,0,0,0,0,0,0,0,0,0,0,0,0,0,,0,0,0,0,0,0,0,0,0,0,0,0,0,,1,0,0,1,0,0,0,0,0,0,0,0,0,0,0,0,0,0,0,0,0,0,0,0,0,0,0,0,0,0,0,0,0,0,,0,0,,,0,0,0,0,0,0,0,,,,,,,,,,,,,,,,,,,
2013_9_1,3,LFEC,5,I,Baia,0,0,0,0,0,,0,0,,0,0,0,0,0,0,0,,0,0,0,0,0,0,0,0,0,0,0,0,0,0,,0,0,0,0,0,0,0,0,0,0,0,0,0,,1,0,0,1,1,0,0,0,0,0,0,0,0,0,0,0,0,0,0,0,0,0,0,0,0,0,0,0,0,0,0,0,0,0,,0,0,,,0,0,0,0,0,0,0,,,,,,,,,,,,,,,,,,,
2013_12_1,4,LFEC,5,I,Baia,0,0,0,0,0,,0,0,,0,0,0,0,0,0,0,,0,0,0,0,0,0,0,0,0,0,0,0,0,0,,0,0,0,0,0,0,0,0,0,0,0,0,0,,0,0,0,1,1,0,0,0,0,0,0,0,0,0,0,0,0,0,0,0,0,0,0,0,0,0,0,0,0,0,0,0,0,0,,0,0,,,0,0,0,0,0,0,0,,,,,,,,,,,,,,,,,,,
2013_3_1,1,LVEN,6,I,Ivinhema,1,0,0,1,0,,1,1,,1,0,0,0,0,1,0,,0,0,1,0,1,0,0,0,0,0,0,0,1,0,,0,0,0,0,0,0,0,0,0,1,0,0,0,,0,0,0,0,0,1,0,0,0,0,1,0,0,0,0,0,0,0,0,0,0,0,0,0,0,0,0,0,0,0,0,1,0,0,,0,0,,,0,0,1,0,1,0,0,,,,,,,,,,,,,,,,,,,
2013_6_1,2,LVEN,6,I,Ivinhema,0,0,0,0,0,,0,0,,0,0,0,0,0,0,0,,0,0,0,0,0,0,0,0,0,0,0,0,0,0,,0,0,0,0,0,0,0,0,0,0,0,0,0,,1,0,0,0,0,0,0,0,0,0,0,0,0,0,0,0,0,0,0,0,0,0,0,0,0,0,0,0,0,0,0,0,0,0,,0,0,,,0,0,0,0,0,0,0,,,,,,,,,,,,,,,,,,,
2013_9_1,3,LVEN,6,I,Ivinhema,0,0,0,0,0,,0,0,,0,0,0,0,0,0,0,,0,0,0,0,0,0,0,0,0,0,0,0,0,0,,0,0,0,0,0,0,0,0,0,0,0,0,0,,1,0,0,0,0,0,0,0,0,0,0,0,0,0,0,0,0,0,0,0,0,0,0,0,0,0,0,0,0,0,0,0,0,0,,0,0,,,0,0,0,0,0,0,0,,,,,,,,,,,,,,,,,,,
2013_12_1,4,LVEN,6,I,Ivinhema,0,0,0,0,0,,0,0,,0,0,0,0,0,0,0,,0,0,0,0,0,0,0,0,0,0,0,0,0,0,,0,0,0,0,0,0,0,0,0,0,0,0,0,,1,0,0,0,0,0,1,0,0,0,0,0,0,0,0,0,0,0,0,0,0,0,0,0,0,0,0,0,0,0,0,0,0,0,,0,0,,,0,0,0,0,0,0,0,,,,,,,,,,,,,,,,,,,
2014_3_1,1,LGAR,1,C,Parana,1,0,0,0,0,,1,0,,0,0,0,0,0,0,0,,0,0,0,0,1,0,0,0,0,0,0,0,0,0,,0,0,1,0,0,0,0,0,0,1,1,0,0,,1,1,0,0,0,1,0,0,0,0,1,0,1,0,1,0,0,0,0,0,0,0,1,0,0,0,0,0,1,1,0,0,0,0,,0,0,,,0,0,1,0,0,0,0,,,,,,,,,,,,,,,,,,,
2014_6_1,2,LGAR,1,C,Parana,1,0,0,0,0,,1,0,,1,1,0,0,0,0,0,,0,0,1,0,1,0,0,0,0,0,0,0,0,0,,0,1,1,0,0,0,0,0,1,1,0,1,0,,1,0,0,0,1,1,0,0,0,1,0,0,1,0,0,0,0,0,0,0,0,0,1,0,0,0,0,1,0,0,0,0,0,0,,0,0,,,0,0,1,0,0,0,0,,,,,,,,,,,,,,,,,,,
2014_9_1,3,LGAR,1,C,Parana,1,0,0,0,0,,1,0,,1,0,0,0,0,0,0,,0,0,1,0,1,0,0,0,1,0,0,0,0,1,,0,1,1,0,0,0,1,0,1,1,0,1,0,,0,1,0,0,0,1,1,0,0,1,0,1,1,0,1,0,0,0,0,0,0,0,1,1,0,0,0,0,0,0,0,0,0,0,,0,0,,,0,0,1,0,0,0,0,,,,,,,,,,,,,,,,,,,
2014_12_1,4,LGAR,1,C,Parana,1,0,1,0,0,,1,0,,1,0,0,0,0,0,0,,0,0,1,0,1,0,0,0,0,0,0,0,0,0,,0,1,0,0,0,0,0,0,0,1,0,1,0,,0,0,0,0,1,1,0,0,0,0,0,0,1,0,0,0,0,0,0,0,0,0,1,0,0,0,0,0,0,0,0,1,0,0,,0,0,,,0,0,0,0,0,0,0,,,,,,,,,,,,,,,,,,,
2014_3_1,1,LGUA,2,C,Baia,1,0,0,0,0,,0,1,,1,0,0,0,0,0,0,,0,0,0,0,1,1,0,0,0,0,0,0,0,0,,0,0,0,0,0,1,0,0,0,1,1,1,0,,1,1,0,1,0,1,0,0,0,0,1,0,1,0,1,0,0,1,0,0,0,0,1,0,0,0,0,0,1,1,0,1,0,1,,0,0,,,0,0,0,0,1,0,0,,,,,,,,,,,,,,,,,,,
2014_6_1,2,LGUA,2,C,Baia,1,1,0,0,0,,1,0,,0,0,0,0,0,0,0,,0,1,1,0,1,1,0,1,0,1,0,0,0,0,,0,0,1,1,0,1,0,0,0,1,0,0,0,,1,1,0,0,11,1,0,1,0,0,1,0,1,0,1,0,0,1,0,0,0,0,0,0,1,0,0,0,1,0,0,1,0,1,,0,0,,,1,0,0,0,1,0,0,,,,,,,,,,,,,,,,,,,
2014_9_1,3,LGUA,2,C,Baia,1,1,0,1,0,,1,0,,1,0,0,0,0,0,0,,0,1,0,0,1,1,0,0,0,1,1,0,0,0,,0,0,0,1,0,1,0,0,1,1,0,1,1,,0,1,0,0,0,1,1,0,0,0,0,1,1,0,1,0,0,1,0,0,0,0,0,0,0,0,0,0,1,0,1,1,1,1,,0,0,,,1,0,0,0,1,0,0,,,,,,,,,,,,,,,,,,,
2014_12_1,4,LGUA,2,C,Baia,1,0,0,1,0,,1,0,,1,1,0,0,0,0,0,,0,0,1,1,1,0,1,0,0,1,0,0,0,0,,0,0,1,0,0,1,1,0,0,1,0,1,1,,0,1,0,0,1,1,0,0,0,0,0,0,1,0,1,0,0,1,0,0,0,0,0,0,0,0,0,0,1,0,0,1,0,1,,0,0,,,0,0,0,0,1,0,0,,,,,,,,,,,,,,,,,,,
2014_3_1,1,LPAT,3,C,Ivinhema,1,1,0,1,0,,0,0,,1,0,0,0,0,0,0,,0,0,0,0,1,0,0,0,0,0,0,0,0,0,,0,0,0,0,0,0,0,0,0,1,1,1,1,,1,1,1,1,0,1,0,1,0,0,1,0,1,0,1,0,0,1,0,0,0,0,0,0,0,0,0,0,0,0,0,1,0,0,,0,0,,,0,0,1,1,1,0,0,,,,,,,,,,,,,,,,,,,
2014_6_1,2,LPAT,3,C,Ivinhema,1,0,0,1,0,,1,1,,0,0,0,0,0,0,0,,0,0,1,0,1,1,0,0,0,0,1,1,0,0,,0,0,1,0,0,0,0,0,0,1,0,1,0,,1,0,0,0,0,1,0,0,0,0,1,0,1,0,0,0,0,0,0,0,0,0,0,0,0,0,0,0,0,0,0,1,0,0,,0,0,,,0,0,1,0,1,0,0,,,,,,,,,,,,,,,,,,,
2014_9_1,3,LPAT,3,C,Ivinhema,1,0,0,0,0,,0,0,,1,0,0,0,0,0,0,,0,0,1,0,1,1,0,0,0,0,0,0,0,0,,0,0,1,0,0,0,0,0,0,1,1,0,1,,0,0,0,0,0,1,1,0,0,0,0,0,1,0,0,0,0,0,0,0,0,0,0,0,0,0,0,0,0,0,0,1,0,0,,0,0,,,1,0,0,0,1,0,0,,,,,,,,,,,,,,,,,,,
2014_12_1,4,LPAT,3,C,Ivinhema,1,0,0,0,0,,0,0,,0,0,0,0,0,0,0,,0,0,0,0,1,1,0,0,0,1,0,0,0,0,,0,0,0,0,0,0,0,0,0,1,0,1,0,,0,1,0,0,0,1,0,0,0,0,0,0,1,0,0,0,0,0,0,0,0,0,0,0,1,0,0,0,0,0,0,1,0,0,,0,0,,,0,0,1,1,1,0,1,,,,,,,,,,,,,,,,,,,
2014_3_1,1,LOSM,4,I,Parana,1,0,0,0,0,,1,0,,0,0,0,0,0,0,0,,0,0,0,0,1,0,0,0,0,0,0,0,0,0,,0,0,0,0,0,0,1,0,0,1,1,1,1,,1,1,1,0,0,1,0,0,0,0,1,0,0,0,1,0,0,0,0,0,0,1,0,0,0,0,0,0,0,0,0,0,1,0,,0,1,,,0,0,0,0,0,1,0,,,,,,,,,,,,,,,,,,,
2014_6_1,2,LOSM,4,I,Parana,0,1,0,0,0,,0,0,,0,1,0,0,0,0,0,,0,0,0,0,0,0,0,0,0,0,0,0,0,0,,0,0,0,0,0,0,0,0,0,1,1,1,0,,1,0,0,0,0,0,0,0,0,0,0,0,0,0,0,0,0,0,0,0,0,1,0,0,0,0,0,0,0,0,1,0,1,0,,0,0,,,0,0,0,0,0,0,0,,,,,,,,,,,,,,,,,,,
2014_9_1,3,LOSM,4,I,Parana,0,0,0,0,0,,0,1,,0,1,0,0,0,0,0,,0,1,0,0,1,0,0,0,0,0,0,0,0,0,,0,0,0,0,0,0,1,0,0,0,1,0,0,,0,0,0,0,0,1,1,1,0,0,0,0,0,0,0,0,0,0,0,0,0,0,0,0,0,0,0,0,0,0,1,0,0,0,,0,0,,,0,0,0,0,0,0,0,,,,,,,,,,,,,,,,,,,
2014_12_1,4,LOSM,4,I,Parana,0,0,1,0,0,,0,0,,1,0,0,0,0,0,0,,0,0,0,0,0,0,0,0,0,0,0,0,0,0,,0,0,0,0,0,0,1,0,0,1,0,1,1,,1,1,0,0,0,1,1,0,0,0,0,0,0,0,1,0,0,0,0,0,0,0,0,0,0,0,0,0,1,1,1,0,1,0,,0,0,,,0,0,0,0,0,0,0,,,,,,,,,,,,,,,,,,,
2014_3_1,1,LFEC,5,I,Baia,1,0,0,0,0,,1,1,,0,0,0,0,0,0,0,,0,0,0,0,1,1,0,0,0,0,0,0,0,0,,0,0,0,0,0,1,0,0,0,1,1,1,1,,1,0,1,0,0,1,0,1,0,0,1,0,1,0,0,0,0,0,0,0,0,0,0,0,0,0,0,0,1,1,0,1,0,0,,0,0,,,0,0,0,0,0,0,0,,,,,,,,,,,,,,,,,,,
2014_6_1,2,LFEC,5,I,Baia,1,0,0,0,0,,1,0,,1,0,0,0,0,0,0,,0,0,0,0,1,0,0,0,0,0,0,0,0,0,,0,1,0,0,0,0,1,0,0,1,0,1,1,,0,0,0,1,0,1,0,1,0,0,0,0,1,0,0,0,0,0,0,0,0,0,0,0,0,0,0,0,0,1,0,1,0,0,,0,0,,,0,0,0,1,1,0,0,,,,,,,,,,,,,,,,,,,
2014_9_1,3,LFEC,5,I,Baia,1,1,0,0,0,,0,0,,0,0,0,0,0,0,0,,0,0,0,0,1,1,0,0,0,1,0,0,0,0,,0,1,0,0,0,1,0,0,0,1,0,0,1,,0,0,1,0,0,1,1,1,0,0,0,0,1,0,0,0,0,0,0,0,0,0,0,0,0,0,0,0,0,1,1,1,0,0,,0,0,,,0,0,1,1,1,0,0,,,,,,,,,,,,,,,,,,,
2014_12_1,4,LFEC,5,I,Baia,1,0,0,0,0,,0,0,,1,0,0,0,0,0,0,,0,0,0,0,1,0,1,0,0,0,0,0,0,0,,0,0,0,0,0,0,0,0,0,1,0,1,0,,0,0,0,0,0,1,1,0,0,0,0,0,1,0,1,0,0,1,0,0,0,0,0,0,1,0,0,0,0,0,1,1,0,0,,0,0,,,0,0,1,1,1,0,0,,,,,,,,,,,,,,,,,,,
2014_3_1,1,LVEN,6,I,Ivinhema,1,1,0,0,0,,1,0,,1,0,0,0,0,0,0,,0,0,0,0,1,0,0,0,0,0,0,0,0,0,,0,0,0,0,0,0,0,0,0,1,1,1,0,,1,0,0,0,0,1,0,0,0,0,1,0,1,0,0,0,0,0,0,0,0,0,0,0,0,0,0,0,0,0,0,1,0,0,,0,0,,,0,0,0,0,0,0,0,,,,,,,,,,,,,,,,,,,
2014_6_1,2,LVEN,6,I,Ivinhema,1,0,0,0,0,,1,1,,1,0,0,1,0,0,0,,0,0,1,0,1,0,0,0,0,1,0,0,1,0,,0,0,0,0,0,0,0,0,0,1,0,0,0,,0,0,0,0,0,1,0,0,0,0,1,0,0,0,0,0,0,0,0,0,0,0,0,0,0,0,0,0,0,0,0,1,0,0,,0,0,,,0,0,0,0,1,0,0,,,,,,,,,,,,,,,,,,,
2014_9_1,3,LVEN,6,I,Ivinhema,1,0,0,0,0,,1,1,,1,0,0,1,0,1,0,,0,0,1,0,1,0,0,0,0,0,0,0,1,0,,0,0,0,0,0,0,0,0,0,1,1,0,0,,0,0,0,0,0,1,0,1,0,0,1,0,1,0,0,0,0,0,0,0,0,0,0,0,0,0,0,0,0,0,0,1,0,0,,0,0,,,0,0,1,0,1,0,0,,,,,,,,,,,,,,,,,,,
2014_12_1,4,LVEN,6,I,Ivinhema,1,0,0,0,0,,0,1,,0,0,0,0,0,0,0,,0,0,1,1,1,0,0,0,0,0,0,0,1,0,,0,0,0,0,0,0,0,0,0,1,0,1,0,,0,0,0,0,0,1,0,0,0,0,0,0,0,0,0,0,0,0,0,0,0,0,0,0,0,0,0,0,0,0,0,1,0,0,,0,0,,,0,0,0,1,1,0,0,,,,,,,,,,,,,,,,,,,
2015_3_1,1,LGAR,1,C,Parana,1,0,1,1,0,,1,0,,1,0,0,0,0,0,0,,0,0,1,0,1,0,0,0,0,1,0,0,0,0,,0,1,1,0,0,0,1,0,1,0,0,1,0,,1,1,0,0,1,0,0,0,0,0,0,0,1,0,1,0,0,0,0,0,1,0,1,1,0,0,0,0,0,0,0,0,0,0,,0,0,,,0,0,1,0,0,0,0,,,,,,,,,,,,,,,,,,,
2015_6_1,2,LGAR,1,C,Parana,1,0,1,0,0,,0,0,,0,0,0,0,0,0,0,,0,1,0,0,1,0,0,0,0,1,0,0,0,0,,0,1,1,0,0,0,0,0,0,1,0,0,1,,1,1,0,0,0,1,0,0,0,1,0,0,1,0,0,0,0,0,0,0,0,0,1,1,0,1,0,1,0,0,0,0,0,0,,0,0,,,0,0,1,0,0,0,0,,,,,,,,,,,,,,,,,,,
2015_9_1,3,LGAR,1,C,Parana,1,0,1,1,0,,1,0,,1,1,0,0,0,0,0,,0,0,0,0,1,0,0,0,0,0,0,0,0,0,,0,1,1,0,0,0,1,0,0,1,1,0,0,,0,1,0,0,0,1,0,0,0,1,0,0,1,0,1,0,0,0,0,0,1,0,1,1,0,0,0,0,0,0,0,1,0,0,,0,0,,,0,0,1,0,0,0,0,,,,,,,,,,,,,,,,,,,
2015_11_1,4,LGAR,1,C,Parana,1,1,0,1,0,,0,0,,0,0,0,0,0,0,0,,0,0,1,0,1,0,0,0,0,1,0,0,0,0,,0,0,1,0,0,0,0,0,1,1,1,1,1,,1,0,0,0,1,1,0,0,0,0,0,0,1,0,1,0,0,0,0,0,1,0,1,1,1,0,0,0,0,0,0,0,0,0,,0,0,,,0,0,1,1,0,0,0,,,,,,,,,,,,,,,,,,,
2015_3_1,1,LGUA,2,C,Baia,1,0,0,0,0,,1,0,,0,0,0,0,0,0,0,,0,0,1,0,1,0,0,0,0,0,0,0,0,0,,0,0,0,0,0,1,0,0,0,1,1,1,0,,0,1,0,0,0,1,0,0,0,0,1,0,1,0,1,0,0,1,0,0,0,0,0,0,0,0,0,0,1,0,0,1,0,1,,0,0,,,0,0,0,0,0,0,0,,,,,,,,,,,,,,,,,,,
2015_6_1,2,LGUA,2,C,Baia,1,0,0,1,0,,1,1,,1,0,0,0,0,0,0,,0,0,1,0,1,1,0,0,0,1,0,0,0,0,,0,0,0,1,0,1,0,0,0,1,0,1,1,,0,1,0,0,1,1,0,0,0,0,0,1,1,1,1,0,0,1,0,0,0,0,0,0,0,0,0,0,1,0,0,1,0,1,,0,1,,,0,0,0,0,1,0,0,,,,,,,,,,,,,,,,,,,
2015_9_1,3,LGUA,2,C,Baia,1,0,0,1,0,,0,0,,0,0,0,0,0,0,0,,0,0,0,0,0,0,0,0,0,0,0,0,0,0,,0,0,0,0,0,1,0,0,0,1,0,1,0,,0,1,0,0,0,1,0,1,0,0,0,1,1,0,1,0,0,0,0,0,0,0,0,0,1,0,0,0,0,0,0,1,1,1,,0,0,,,0,0,0,0,1,0,0,,,,,,,,,,,,,,,,,,,
2015_11_1,4,LGUA,2,C,Baia,1,0,0,0,0,,1,0,,0,0,0,0,0,0,0,,0,1,0,0,1,1,0,0,0,1,1,0,0,0,,0,0,0,0,0,1,0,0,0,1,1,1,1,,1,1,0,0,1,1,0,0,0,0,1,0,0,0,1,0,0,0,0,0,0,0,0,0,0,0,0,0,0,0,0,1,0,1,,0,0,,,0,0,0,1,1,0,0,,,,,,,,,,,,,,,,,,,
2015_3_1,1,LPAT,3,C,Ivinhema,1,0,0,0,0,,0,0,,0,0,0,0,0,0,0,,0,0,0,0,1,0,0,0,0,0,0,0,0,0,,0,0,0,0,0,0,0,0,0,1,0,1,0,,0,1,0,0,0,1,0,0,0,0,0,0,1,0,0,0,0,0,0,0,0,0,0,0,0,0,0,0,0,0,0,1,0,0,,0,0,,,0,0,1,0,1,0,0,,,,,,,,,,,,,,,,,,,
2015_6_1,2,LPAT,3,C,Ivinhema,1,0,0,0,0,,0,0,,0,0,0,0,0,0,0,,0,0,1,0,1,0,0,0,0,0,0,0,0,0,,0,0,0,0,0,1,0,0,0,1,1,0,1,,1,1,0,0,0,1,0,0,0,0,0,0,1,0,0,0,0,1,0,0,0,0,0,0,0,0,0,0,0,0,0,1,0,0,,0,0,,,0,0,1,0,1,0,0,,,,,,,,,,,,,,,,,,,
2015_9_1,3,LPAT,3,C,Ivinhema,1,0,0,0,0,,0,0,,0,0,0,0,0,0,0,,0,0,0,0,1,0,0,0,0,0,0,0,0,0,,0,0,0,0,0,0,0,0,0,1,0,1,0,,0,1,0,0,0,1,0,0,0,0,0,0,1,0,0,0,0,0,0,0,0,0,0,0,0,0,0,0,0,0,0,1,0,0,,0,0,,,0,0,1,0,1,0,0,,,,,,,,,,,,,,,,,,,
2015_11_1,4,LPAT,3,C,Ivinhema,1,0,0,0,0,,0,0,,0,0,0,0,0,0,0,,0,0,0,0,1,0,0,0,0,0,0,0,0,0,,0,0,0,0,0,1,0,0,0,1,1,1,1,,1,0,0,0,0,1,0,0,0,0,0,0,1,0,1,0,0,0,0,0,0,0,0,0,0,0,0,0,0,0,0,1,0,0,,0,0,,,0,0,1,1,0,0,0,,,,,,,,,,,,,,,,,,,
2015_3_1,1,LOSM,4,I,Parana,1,0,0,0,0,,0,0,,1,0,0,0,0,0,0,,0,0,0,0,1,0,0,0,0,1,0,0,0,0,,0,0,0,0,0,0,1,0,0,0,1,1,1,,0,1,0,0,1,1,0,1,0,0,0,0,0,0,1,0,0,0,0,0,0,0,0,0,0,0,0,0,0,1,1,0,1,0,,0,0,,,0,0,0,0,0,0,0,,,,,,,,,,,,,,,,,,,
2015_6_1,2,LOSM,4,I,Parana,1,0,0,0,0,,0,0,,1,0,0,0,0,0,0,,0,0,0,0,1,0,0,0,0,1,0,0,0,0,,0,0,0,0,0,0,1,0,0,0,0,0,1,,0,1,0,0,1,1,0,1,0,0,0,0,0,0,0,0,0,0,0,0,0,0,0,0,0,0,0,0,0,0,1,1,1,0,,0,0,,,0,0,0,0,0,0,0,,,,,,,,,,,,,,,,,,,
2015_9_1,3,LOSM,4,I,Parana,0,0,0,0,0,,0,0,,0,1,0,0,0,0,0,,0,0,0,0,1,0,0,0,0,0,0,0,0,0,,0,0,0,0,0,0,0,0,0,0,1,0,0,,1,1,0,0,0,1,0,0,0,0,0,0,0,0,0,0,0,0,0,0,0,0,0,0,0,0,0,0,0,0,0,1,1,0,,0,0,,,0,0,0,0,0,0,0,,,,,,,,,,,,,,,,,,,
2015_11_1,4,LOSM,4,I,Parana,0,0,0,0,0,,0,0,,0,1,0,0,0,0,0,,0,0,0,0,0,0,0,0,0,0,0,0,0,0,,0,0,0,0,0,0,0,0,0,0,1,1,0,,1,1,0,0,1,0,0,0,0,0,0,0,0,0,1,0,0,0,0,0,0,0,0,0,0,0,0,0,0,0,0,0,1,0,,0,0,,,0,0,0,0,0,0,0,,,,,,,,,,,,,,,,,,,
2015_3_1,1,LFEC,5,I,Baia,1,0,0,0,0,,1,0,,1,1,0,0,0,0,0,,0,0,0,0,1,0,0,0,0,0,0,0,0,0,,0,0,0,0,0,0,0,0,0,1,0,1,1,,1,0,0,0,0,1,0,1,0,0,0,0,1,0,1,0,0,0,0,0,0,0,0,0,0,0,0,0,0,0,1,1,0,0,,0,0,,,0,0,1,1,1,0,1,,,,,,,,,,,,,,,,,,,
2015_6_1,2,LFEC,5,I,Baia,1,1,0,0,0,,1,0,,0,0,0,0,0,0,0,,0,0,1,1,1,1,0,0,0,0,1,0,1,0,,0,0,0,0,0,1,0,0,0,1,0,1,1,,1,0,0,0,1,1,0,1,0,0,0,0,1,0,1,0,0,0,0,0,0,0,0,0,0,0,0,0,0,0,1,1,0,1,,0,1,,,0,0,1,0,1,0,0,,,,,,,,,,,,,,,,,,,
2015_9_1,3,LFEC,5,I,Baia,1,0,0,0,0,,0,1,,0,0,0,0,0,0,0,,0,0,1,0,0,1,0,0,0,0,0,0,0,0,,0,0,0,0,0,1,0,0,0,1,1,0,1,,0,0,1,0,0,1,0,1,0,0,0,0,1,0,1,0,0,0,0,0,0,0,0,0,1,0,0,0,0,0,1,1,0,1,,0,0,,,0,0,0,1,1,0,0,,,,,,,,,,,,,,,,,,,
2015_11_1,4,LFEC,5,I,Baia,1,0,0,0,0,,1,0,,0,0,0,0,0,0,0,,0,0,0,0,0,0,0,1,0,1,0,0,0,0,,0,0,0,0,0,1,0,0,0,1,1,1,1,,0,0,0,0,0,1,0,0,0,0,0,1,1,0,1,0,0,0,0,0,0,0,0,0,0,0,0,0,0,0,1,1,0,1,,0,0,,,0,0,1,1,0,0,0,,,,,,,,,,,,,,,,,,,
2015_3_1,1,LVEN,6,I,Ivinhema,1,0,0,0,0,,1,1,,0,0,0,0,0,0,0,,0,0,1,0,1,1,0,0,0,0,1,0,0,0,,0,0,0,0,0,0,0,0,0,1,0,1,0,,0,0,0,0,0,1,0,1,0,0,0,0,1,0,0,0,0,0,0,0,0,0,0,0,0,0,0,0,0,0,0,1,0,0,,0,0,,,0,0,0,0,0,0,0,,,,,,,,,,,,,,,,,,,
2015_6_1,2,LVEN,6,I,Ivinhema,1,0,0,0,0,,1,1,,0,0,0,0,0,0,0,,0,0,1,0,1,0,0,0,0,0,0,0,1,0,,0,0,0,0,0,0,1,0,0,1,1,0,0,,0,0,0,0,0,1,0,0,0,0,0,0,0,0,0,0,0,0,0,0,0,0,0,0,0,0,0,0,0,0,0,1,0,0,,0,1,,,0,0,0,0,1,0,0,,,,,,,,,,,,,,,,,,,
2015_9_1,3,LVEN,6,I,Ivinhema,1,0,0,0,0,,0,1,,1,0,0,0,0,0,0,,0,0,1,0,1,0,0,0,0,0,0,0,1,0,,0,0,0,0,0,0,0,0,0,1,0,1,0,,0,0,0,0,0,1,0,0,0,0,1,0,1,0,0,0,0,0,0,0,0,0,0,0,0,0,0,0,0,0,0,1,0,0,,0,0,,,0,0,1,0,1,0,0,,,,,,,,,,,,,,,,,,,
2015_11_1,4,LVEN,6,I,Ivinhema,1,0,0,0,0,,0,1,,0,0,0,0,0,0,0,,0,0,1,0,1,0,0,0,0,0,0,0,1,0,,0,0,0,0,0,0,0,0,0,1,1,0,0,,0,0,0,0,0,1,0,0,0,0,1,0,1,0,0,0,0,0,0,0,0,0,0,0,0,0,0,0,0,0,0,1,0,0,,0,0,,,0,0,1,0,1,0,0,,,,,,,,,,,,,,,,,,,
2016_2_1,1,LGAR,1,C,Parana,1,1,0,0,0,,1,0,,0,0,0,0,0,0,0,,0,1,0,0,0,0,0,0,0,0,0,0,0,0,,0,0,0,0,0,0,1,0,1,1,1,0,1,,0,1,0,0,0,0,0,0,0,0,0,0,1,0,0,0,0,0,0,0,1,0,1,0,0,0,0,0,0,0,0,0,0,0,,0,0,,,0,0,1,1,0,0,0,,,,,,,,,,,,,,,,,,,
2016_6_1,2,LGAR,1,C,Parana,1,0,0,0,0,,0,0,,0,0,0,0,0,0,0,,0,0,1,0,1,0,0,0,0,0,0,0,0,0,,0,0,1,0,0,0,0,0,0,1,0,1,1,,0,1,0,0,0,1,0,0,0,0,0,0,1,0,0,0,0,0,0,0,1,0,1,0,0,1,1,0,0,0,0,1,0,0,,0,0,,,0,0,1,1,0,0,0,,,,,,,,,,,,,,,,,,,
2016_9_1,3,LGAR,1,C,Parana,1,0,0,0,0,,0,0,,0,0,0,0,0,0,0,,0,0,0,1,1,0,0,0,0,0,0,0,0,0,,0,0,1,0,0,0,1,0,0,1,1,0,1,,0,0,0,0,1,0,0,0,0,0,0,0,1,0,1,0,0,0,0,0,0,0,1,0,0,0,0,0,0,0,0,0,0,0,,0,0,,,0,0,1,1,1,0,0,,,,,,,,,,,,,,,,,,,
2016_12_1,4,LGAR,1,C,Parana,0,0,0,0,0,,1,0,,1,0,0,0,0,0,0,,0,0,1,0,1,0,0,0,0,1,0,0,0,0,,0,0,1,0,0,0,1,0,1,1,1,0,1,,0,1,1,0,0,0,0,0,0,1,0,0,1,0,1,0,0,1,0,0,0,0,1,0,0,0,0,0,0,0,0,1,0,0,,0,0,,,0,0,1,0,0,0,0,,,,,,,,,,,,,,,,,,,
2016_2_1,1,LGUA,2,C,Baia,0,1,0,0,0,,0,0,,0,0,0,1,0,0,0,,0,0,0,0,1,0,0,0,0,0,0,0,0,0,,0,0,1,1,0,1,0,0,0,0,1,0,1,,1,1,0,0,0,1,0,0,0,0,0,1,1,0,1,0,0,0,0,0,0,0,0,0,1,0,0,0,0,1,0,1,0,1,,0,0,,,1,0,0,1,1,0,0,,,,,,,,,,,,,,,,,,,
2016_6_1,2,LGUA,2,C,Baia,0,0,0,0,0,,0,1,,0,0,0,0,0,0,0,,0,0,0,1,1,1,0,0,0,0,0,0,1,0,,0,0,0,0,0,1,0,0,0,1,1,0,1,,0,1,0,0,1,1,0,0,0,0,0,1,1,1,1,0,0,0,0,0,0,0,0,0,0,0,0,0,0,0,0,1,0,1,,0,1,,,1,0,0,1,1,0,0,,,,,,,,,,,,,,,,,,,
2016_9_1,3,LGUA,2,C,Baia,1,1,0,1,0,,0,0,,0,0,0,0,0,0,0,,0,0,0,1,0,0,0,0,0,0,0,0,1,0,,0,0,1,0,0,1,1,0,0,1,1,0,0,,0,1,0,0,1,0,0,0,0,1,0,0,1,0,1,0,0,0,0,0,0,0,0,0,0,0,0,0,0,0,0,1,1,1,,0,0,,,1,0,1,0,1,0,0,,,,,,,,,,,,,,,,,,,
2016_11_1,4,LGUA,2,C,Baia,0,1,0,0,0,,1,0,,1,0,0,0,0,0,0,,0,0,0,0,1,1,0,0,0,1,0,0,0,0,,0,1,1,0,0,0,0,0,0,1,1,1,0,,0,1,0,0,0,1,0,1,0,0,1,1,1,0,1,0,0,0,0,0,0,0,0,0,0,0,0,0,0,0,0,1,0,0,,0,0,,,1,0,0,1,1,0,0,,,,,,,,,,,,,,,,,,,
2016_2_1,1,LPAT,3,C,Ivinhema,1,0,0,0,0,,0,0,,0,0,0,0,0,0,0,,0,0,0,0,1,0,0,0,0,0,0,0,0,0,,0,0,0,0,0,1,0,0,0,1,1,0,0,,1,0,0,0,0,1,0,0,0,0,0,0,0,0,0,0,0,1,0,0,0,0,0,0,0,0,0,0,0,0,0,1,0,0,,0,0,,,0,0,0,0,0,0,0,,,,,,,,,,,,,,,,,,,
2016_6_1,2,LPAT,3,C,Ivinhema,1,0,0,0,0,,0,0,,0,0,0,0,0,0,0,,0,0,0,0,0,0,0,0,0,0,0,0,0,0,,0,0,0,0,0,1,0,0,0,1,1,0,1,,1,1,0,0,0,1,0,0,0,0,0,0,1,0,0,0,0,1,0,0,0,0,0,0,0,0,0,0,0,1,0,1,0,0,,0,0,,,1,0,1,1,1,0,1,,,,,,,,,,,,,,,,,,,
2016_9_1,3,LPAT,3,C,Ivinhema,1,1,0,0,0,,0,0,,0,0,0,0,0,0,0,,0,0,1,1,1,0,0,0,0,0,0,0,0,0,,0,0,0,0,0,0,1,0,0,1,0,0,1,,0,0,0,0,0,1,0,0,0,0,0,0,1,0,1,0,0,1,0,0,0,0,0,0,0,0,0,0,0,0,0,1,0,0,,0,0,,,0,0,1,0,0,0,0,,,,,,,,,,,,,,,,,,,
2016_11_1,4,LPAT,3,C,Ivinhema,1,0,0,0,0,,0,0,,0,0,0,0,0,0,0,,0,0,1,0,1,0,0,0,0,0,0,0,0,0,,0,1,0,0,0,1,1,0,0,1,1,0,0,,1,1,0,0,0,1,0,0,0,0,0,0,1,0,1,0,0,0,0,0,0,0,0,0,0,0,0,0,0,0,0,1,0,0,,0,0,,,1,0,1,0,0,0,0,,,,,,,,,,,,,,,,,,,
2016_2_1,1,LOSM,4,I,Parana,0,0,0,0,0,,0,0,,0,0,0,0,0,0,0,,0,0,0,0,0,0,0,0,0,0,0,0,0,0,,0,0,0,0,0,0,0,0,0,0,0,0,0,,0,1,0,0,0,0,0,0,0,0,0,0,0,0,0,0,0,0,0,0,0,0,0,0,0,0,0,0,0,0,0,0,0,0,,0,0,,,0,0,0,0,0,0,0,,,,,,,,,,,,,,,,,,,
2016_6_1,2,LOSM,4,I,Parana,0,0,0,0,0,,0,0,,0,1,0,0,0,0,0,,0,0,0,0,0,0,0,0,0,0,0,0,0,0,,0,0,0,0,0,0,1,0,0,0,1,0,0,,0,1,0,0,1,0,0,0,0,0,0,0,0,0,1,0,0,0,0,0,0,0,0,0,0,0,0,0,0,0,0,0,0,0,,0,0,,,0,0,0,0,0,0,0,,,,,,,,,,,,,,,,,,,
2016_9_1,3,LOSM,4,I,Parana,0,0,0,0,0,,1,0,,0,0,0,0,0,0,0,,0,0,0,0,0,0,0,0,0,0,0,0,0,0,,0,0,0,0,0,0,0,0,0,0,1,0,0,,0,1,0,0,1,0,0,0,0,0,0,0,0,0,1,0,0,0,0,0,0,0,0,0,0,0,0,0,0,0,0,0,0,0,,0,0,,,0,0,0,0,0,0,0,,,,,,,,,,,,,,,,,,,
2016_12_1,4,LOSM,4,I,Parana,0,0,0,0,0,,0,0,,0,0,0,0,0,0,0,,0,0,1,0,0,0,0,0,0,0,0,0,0,0,,0,0,0,0,0,0,1,0,0,0,1,0,0,,0,0,0,0,0,0,0,0,0,0,0,0,0,0,0,0,0,0,0,0,0,0,0,0,0,0,0,0,0,0,0,0,0,0,,0,0,,,0,0,0,0,0,0,0,,,,,,,,,,,,,,,,,,,
2016_2_1,1,LFEC,5,I,Baia,1,1,0,0,0,,1,0,,0,0,0,0,0,0,0,,0,0,0,0,1,0,0,0,0,0,0,0,0,0,,0,0,1,0,0,1,1,0,0,1,1,0,1,,0,1,0,0,0,1,0,0,0,0,1,1,1,0,1,0,0,0,0,0,0,0,0,0,0,0,0,0,0,1,1,1,0,1,,0,0,,,1,0,1,1,1,0,0,,,,,,,,,,,,,,,,,,,
2016_6_1,2,LFEC,5,I,Baia,1,0,0,0,0,,0,0,,0,0,0,0,0,0,0,,0,0,0,0,1,0,0,0,0,0,0,0,0,0,,0,1,0,0,0,1,1,0,0,0,1,0,1,,1,0,0,0,1,1,0,1,0,0,0,0,1,0,1,0,0,0,0,0,0,0,0,0,1,0,0,0,0,0,1,1,0,1,,0,1,,,1,0,1,1,1,0,0,,,,,,,,,,,,,,,,,,,
2016_9_1,3,LFEC,5,I,Baia,1,0,0,0,0,,0,0,,0,0,0,0,0,0,0,,0,0,0,0,1,0,0,0,0,0,0,0,0,0,,0,0,0,0,0,1,0,0,0,1,1,0,1,,0,0,0,0,1,1,0,0,0,1,0,0,1,0,0,0,0,0,0,0,0,0,0,0,0,0,0,0,0,0,0,1,1,0,,0,0,,,0,0,1,1,1,0,0,,,,,,,,,,,,,,,,,,,
2016_11_1,4,LFEC,5,I,Baia,1,1,0,0,0,,0,0,,1,1,0,0,1,0,0,,0,0,0,0,1,0,0,0,0,0,0,0,0,0,,0,1,0,1,0,1,0,0,0,1,1,0,1,,0,1,1,0,0,1,0,0,0,0,0,0,1,0,0,0,0,0,0,0,0,0,0,0,1,0,0,0,0,0,0,1,0,0,,0,0,,,1,0,0,1,1,0,0,,,,,,,,,,,,,,,,,,,
2016_2_1,1,LVEN,6,I,Ivinhema,0,0,0,0,0,,1,1,,0,0,0,0,0,0,0,,0,0,1,0,1,0,0,0,0,0,0,0,1,0,,0,0,0,0,0,0,0,0,0,1,1,0,0,,0,0,0,0,0,1,0,0,0,0,1,0,1,0,0,0,0,0,0,0,0,0,0,0,0,0,0,0,0,0,0,1,0,0,,0,0,,,0,0,1,0,1,0,0,,,,,,,,,,,,,,,,,,,
2016_6_1,2,LVEN,6,I,Ivinhema,1,0,0,0,0,,0,0,,1,0,0,0,0,0,0,,0,0,1,0,1,1,0,0,0,0,0,0,1,0,,0,0,0,0,0,1,0,0,0,1,1,1,0,,0,0,0,0,0,1,0,0,0,0,1,0,1,0,0,0,0,0,0,0,0,0,0,0,0,0,0,0,0,0,0,1,0,0,,0,1,,,0,0,0,0,1,0,0,,,,,,,,,,,,,,,,,,,
2016_9_1,3,LVEN,6,I,Ivinhema,1,1,0,0,0,,1,0,,1,0,0,0,0,0,0,,0,0,1,0,1,0,0,0,0,1,0,0,1,0,,0,0,1,0,0,1,1,0,0,1,1,0,0,,1,0,0,0,0,1,0,0,1,1,1,0,0,0,0,0,0,0,0,0,0,0,0,0,0,0,0,0,0,0,0,1,0,0,,0,0,,,0,0,1,0,0,0,0,,,,,,,,,,,,,,,,,,,
2016_11_1,4,LVEN,6,I,Ivinhema,1,0,0,0,0,,1,1,,1,0,0,0,0,0,0,,0,0,1,0,1,0,0,0,0,0,0,0,1,0,,0,0,0,0,0,1,1,0,0,1,1,0,0,,0,1,0,0,0,1,0,0,0,0,1,0,1,0,0,0,0,0,0,0,0,0,0,0,0,0,0,0,0,0,0,1,0,0,,0,0,,,0,0,1,0,0,0,0,,,,,,,,,,,,,,,,,,,
2017_3_1,1,LGAR,1,C,Parana,1,0,0,0,0,,1,0,,0,0,0,0,0,0,0,,0,0,0,0,1,1,0,0,0,0,0,0,0,0,,0,0,1,0,0,0,0,0,0,1,1,0,1,,1,1,0,0,0,0,0,0,0,0,0,0,1,0,1,0,0,0,0,0,0,0,1,0,0,0,0,0,0,0,0,1,0,0,,0,0,,,0,0,1,1,1,0,0,,,,,,,,,,,,,,,,,,,
2017_9_18,2,LGAR,1,C,Parana,1,0,0,1,0,,1,0,,1,0,0,0,0,0,0,,0,1,1,0,1,0,0,0,0,1,0,0,0,0,,0,0,1,0,0,0,1,0,1,1,0,1,1,,0,1,0,0,0,1,1,0,0,1,0,0,1,0,0,0,0,0,0,0,0,0,0,0,0,0,0,0,0,0,0,1,0,0,,0,0,,,0,0,1,0,0,0,0,,,,,,,,,,,,,,,,,,,
2017_3_1,1,LGUA,2,C,Baia,1,0,0,0,0,,0,0,,0,0,0,0,0,0,0,,0,1,0,0,1,0,0,0,0,0,0,0,0,0,,0,0,0,0,0,1,1,0,0,1,1,1,0,,1,1,0,0,0,1,0,1,0,0,1,1,1,0,1,0,0,0,0,0,0,0,0,0,0,0,0,0,0,1,0,1,0,1,,0,0,,,1,0,1,1,1,0,0,,,,,,,,,,,,,,,,,,,
2017_9_17,2,LGUA,2,C,Baia,1,0,0,0,0,,1,0,,1,0,0,0,0,0,1,,0,,1,1,1,1,0,0,0,0,0,0,0,,,0,1,1,0,0,1,0,0,1,1,1,1,1,,0,1,0,0,0,1,0,1,0,0,1,0,1,0,1,0,0,1,0,0,0,0,0,0,0,0,0,0,0,0,0,1,1,1,,0,1,,,1,1,0,1,1,0,1,,,,,,,,,,,,,,,,,,,
2017_3_1,1,LPAT,3,C,Ivinhema,1,1,0,0,0,,1,0,,1,0,0,0,0,0,0,,0,0,0,0,1,0,0,0,0,0,0,0,0,0,,0,0,0,0,0,0,1,0,0,1,1,0,1,,1,0,0,0,1,1,0,0,0,0,1,0,1,0,1,0,0,0,0,0,0,0,0,0,0,0,0,0,0,0,0,1,0,0,,0,1,,,0,0,1,1,1,0,0,,,,,,,,,,,,,,,,,,,
2017_9_16,2,LPAT,3,C,Ivinhema,1,0,0,0,1,,1,0,,1,1,0,0,0,0,0,,0,0,1,0,1,0,0,0,0,0,0,0,0,0,,0,1,1,0,0,0,1,0,1,1,1,1,0,,0,1,0,0,0,1,0,1,0,0,1,0,1,0,0,0,0,0,0,0,0,0,0,0,0,0,0,0,0,0,1,1,0,0,,0,0,,,0,0,1,1,1,0,0,,,,,,,,,,,,,,,,,,,
2017_3_1,1,LOSM,4,I,Parana,1,0,0,0,0,,0,0,,0,1,0,0,0,0,0,,0,0,0,0,0,0,0,0,0,0,0,0,0,0,,0,0,0,0,0,0,0,0,0,0,1,0,0,,0,1,0,0,0,0,0,0,0,0,0,0,0,0,1,0,0,0,0,0,0,0,0,0,0,0,0,0,0,0,0,0,0,0,,0,0,,,0,0,0,0,0,0,0,,,,,,,,,,,,,,,,,,,
2017_9_18,2,LOSM,4,I,Parana,1,0,0,0,0,,0,0,,0,1,0,0,0,0,0,,0,0,1,0,0,0,0,0,0,0,0,0,0,0,,0,0,0,0,0,0,1,0,0,0,1,1,0,,0,1,0,0,0,0,0,0,0,0,0,0,0,0,1,0,0,0,0,0,0,0,0,0,0,0,0,0,0,0,0,0,0,0,,0,0,,,0,0,0,0,0,0,0,,,,,,,,,,,,,,,,,,,
2017_3_1,1,LFEC,5,I,Baia,1,0,0,0,0,,0,0,,0,0,0,0,0,0,0,,0,0,1,0,1,0,0,0,0,1,0,0,0,0,,0,0,0,0,0,1,0,0,0,1,1,1,0,,1,1,0,0,1,1,0,1,0,0,0,0,1,0,1,0,0,0,0,0,0,0,0,0,1,0,0,0,0,0,0,1,0,1,,0,0,,,1,0,1,1,1,0,0,,,,,,,,,,,,,,,,,,,
2017_9_17,2,LFEC,5,I,Baia,1,0,0,0,0,,1,0,,1,0,0,0,0,0,1,,0,0,0,0,1,0,0,0,0,1,0,0,0,0,,0,0,0,1,0,1,0,0,1,1,0,1,1,,0,1,0,0,0,1,1,1,0,0,0,0,1,0,1,0,0,0,0,0,0,0,0,0,0,0,0,0,0,0,0,1,0,1,,0,0,,,1,0,1,1,1,0,0,,,,,,,,,,,,,,,,,,,
2017_3_1,1,LVEN,6,I,Ivinhema,0,1,0,0,0,,1,1,,1,0,0,0,0,0,0,,0,0,1,0,1,0,0,0,0,0,0,0,1,0,,0,0,0,0,0,0,1,0,0,1,1,0,0,,0,0,0,0,0,1,0,0,0,0,1,0,1,0,0,0,0,0,0,0,0,0,0,0,0,0,0,0,0,0,0,1,0,0,,0,0,,,0,0,0,0,0,0,0,,,,,,,,,,,,,,,,,,,
2017_9_16,2,LVEN,6,I,Ivinhema,1,0,0,1,0,,0,0,,1,0,0,0,0,0,1,,0,0,1,0,1,0,0,0,0,1,0,0,1,0,,0,0,0,0,0,1,1,0,0,1,1,1,0,,0,1,0,0,0,1,0,0,0,0,1,0,1,0,0,0,0,0,0,0,0,0,0,0,0,0,0,0,0,0,0,1,1,0,,0,0,,,0,1,1,0,1,0,0,,,,,,,,,,,,,,,,,,,
2018_3_26,1,LGAR,1,C,Parana,1,0,0,0,0,,0,0,,0,0,0,0,0,0,0,,0,0,1,0,0,0,0,0,0,0,0,0,0,0,,0,0,1,0,0,0,0,0,0,1,0,1,1,,1,1,0,0,1,0,0,0,0,0,0,0,0,0,1,0,0,0,0,0,0,0,1,0,0,0,0,0,0,0,0,1,1,0,,0,0,,,0,0,1,0,0,0,0,,,,,,,,,,,,,,,,,,,
2018_3_25,1,LGUA,2,C,Baia,0,0,0,0,0,,0,0,,1,0,0,0,0,0,1,,0,0,0,0,0,0,0,0,0,0,0,0,0,0,,0,0,0,0,0,0,0,0,0,0,0,1,1,,1,1,1,1,1,1,0,0,0,0,0,0,1,0,1,0,0,0,0,0,0,0,0,0,0,0,0,0,0,0,0,1,1,1,,0,0,,,0,0,1,1,1,0,0,,,,,,,,,,,,,,,,,,,
2018_3_24,1,LPAT,3,C,Ivinhema,0,0,0,0,0,,1,0,,0,0,0,0,0,0,0,,0,0,1,1,1,0,0,0,0,0,0,0,0,0,,0,0,1,0,0,0,0,0,0,0,0,1,1,,1,1,0,0,1,1,0,1,0,0,0,0,1,0,1,0,0,1,0,0,0,0,0,0,0,0,0,0,1,0,0,1,0,0,,0,0,,,0,0,1,0,1,0,0,,,,,,,,,,,,,,,,,,,
2018_3_26,1,LOSM,4,I,Parana,1,0,0,0,0,,0,0,,0,0,0,0,0,0,0,,0,0,1,0,0,0,0,0,0,0,0,0,0,0,,0,0,1,0,0,0,0,0,0,0,0,0,0,,0,0,0,0,0,0,0,0,0,0,0,0,0,0,0,0,0,0,0,0,0,0,0,0,0,0,0,0,0,0,0,0,1,0,,0,0,,,0,0,0,0,0,0,0,,,,,,,,,,,,,,,,,,,
2018_3_25,1,LFEC,5,I,Baia,1,0,0,0,0,,0,0,,1,0,0,0,0,0,0,,0,0,0,0,1,0,0,0,0,0,0,0,0,0,,0,1,0,0,0,1,0,0,0,1,0,1,1,,1,0,1,1,1,1,0,1,0,0,0,0,1,0,0,0,0,0,0,0,0,0,0,0,1,0,0,0,0,0,0,1,0,0,,0,0,,,1,0,1,1,1,0,0,,,,,,,,,,,,,,,,,,,
2018_3_24,1,LVEN,6,I,Ivinhema,1,0,0,0,0,,0,0,,0,0,0,0,0,0,0,,0,0,1,1,1,0,0,0,0,0,0,0,0,0,,0,0,0,0,0,0,0,0,0,1,0,1,0,,0,0,0,1,1,0,0,0,0,0,0,0,1,0,0,0,0,0,0,0,0,0,0,0,0,0,0,0,1,0,0,1,1,0,,0,0,,,0,0,1,0,0,0,0,,,,,,,,,,,,,,,,,,,
2019_6_8,1,LPAT,3,C,Ivinhema,0,0,0,0,0,,0,0,,0,0,0,0,0,0,1,,0,0,0,0,1,0,0,0,0,0,0,0,0,0,,0,0,0,0,0,0,0,0,0,0,1,0,0,,1,1,0,0,0,0,0,0,0,0,0,0,0,0,0,0,0,0,0,0,0,0,0,0,0,0,0,0,0,0,0,1,0,0,,0,0,,,0,0,1,0,1,0,0,,,,,,,,,,,,,,,,,,,
2019_6_8,1,LVEN,6,I,Ivinhema,0,1,0,0,0,,0,0,,0,0,0,0,0,0,0,,0,0,0,1,1,0,0,0,0,0,0,0,0,0,,0,0,0,0,0,0,0,0,0,1,1,0,0,,0,1,0,0,0,0,0,0,0,0,0,1,0,0,0,0,0,0,0,0,0,0,0,0,0,0,0,0,0,0,0,1,0,0,,0,0,,,0,0,0,0,1,0,0,,,,,,,,,,,,,,,,,,,
2019_6_9,1,LFEC,5,I,Baia,0,0,0,0,0,,1,0,,0,0,0,0,0,0,1,,0,0,0,0,1,0,0,0,0,0,0,0,0,0,,0,0,0,0,0,0,0,0,0,1,1,0,0,,1,1,0,0,0,1,0,0,0,0,0,0,0,0,0,0,1,0,0,0,0,0,0,0,0,0,0,0,0,0,0,1,1,0,,0,0,,,1,0,0,1,1,0,0,,,,,,,,,,,,,,,,,,,
2019_6_9,1,LGUA,5,C,Baia,0,0,0,0,0,,1,0,,0,0,0,0,0,0,1,,0,0,0,0,1,0,0,0,0,1,0,0,0,0,,0,0,0,0,0,0,0,0,0,1,1,0,1,,0,1,0,0,0,1,0,0,0,0,0,1,0,0,1,0,0,1,0,0,0,0,0,0,0,0,0,0,1,0,1,1,1,1,,0,0,,,0,0,1,1,1,0,0,,,,,,,,,,,,,,,,,,,
2019_6_10,1,LGAR,1,C,Parana,0,0,0,0,0,,0,0,,1,0,0,0,0,0,0,,0,0,0,1,1,0,0,0,0,0,0,0,0,1,,0,0,0,0,0,0,1,0,0,0,1,0,1,,1,1,0,0,0,1,0,0,0,1,0,0,0,0,0,0,0,0,0,0,0,0,1,1,0,0,0,0,0,0,0,1,0,0,,0,0,,,0,0,1,0,0,0,0,,,,,,,,,,,,,,,,,,,
2019_6_10,1,LOSM,4,I,Parana,0,0,0,0,0,,1,0,,0,0,0,0,0,0,0,,0,0,0,0,0,0,0,0,0,0,0,0,0,0,,0,0,0,0,0,0,0,0,0,0,0,0,0,,0,1,0,0,0,0,1,0,0,0,0,0,0,0,0,0,0,0,0,0,0,0,0,0,0,0,0,0,0,0,0,0,0,0,,0,0,,,0,0,0,0,0,0,0,,,,,,,,,,,,,,,,,,,
2019_11_26,4,LPAT,3,C,Ivinhema,0,0,0,0,0,,0,0,,0,0,0,0,0,0,0,,0,0,0,0,0,0,0,0,0,0,0,0,0,0,,0,0,0,0,0,0,0,0,0,1,0,0,1,,0,1,0,0,0,0,0,0,0,0,0,0,1,0,0,0,0,0,0,0,0,0,0,0,0,0,0,0,0,0,1,1,0,0,,1,0,,,0,0,1,0,1,0,0,,,,,,,,,,,,,,,,,,,
2019_11_26,4,LVEN,6,I,Ivinhema,0,0,0,0,0,,0,0,,0,0,0,0,0,0,0,,0,0,0,0,0,0,0,0,0,0,0,0,0,0,,0,0,0,0,0,0,0,0,0,1,0,1,0,,0,1,0,0,0,1,0,0,0,0,0,0,1,0,0,0,0,0,0,0,0,0,0,0,0,0,0,0,0,0,0,1,0,0,,1,0,,,0,0,0,0,0,0,0,,,,,,,,,,,,,,,,,,,
2019_11_27,4,LGUA,2,C,Baa,0,0,0,0,0,,0,0,,0,0,0,0,0,0,0,,0,0,0,1,0,0,0,0,0,0,0,0,0,0,,0,0,0,0,0,1,0,0,0,1,0,1,1,,1,1,0,0,0,1,0,0,0,0,0,1,1,0,1,0,0,1,0,0,0,0,0,0,0,0,0,0,1,0,1,1,1,1,,0,0,,,0,0,1,0,1,0,1,,,,,,,,,,,,,,,,,,,
2019_11_27,4,LFEC,5,I,Baa,0,1,0,0,0,,1,0,,1,0,0,0,0,0,0,,0,0,0,1,0,0,0,0,0,1,0,0,0,0,,0,0,0,0,0,1,0,0,0,1,0,1,1,,1,0,1,0,0,1,0,1,0,0,0,0,1,0,0,0,0,0,0,0,0,0,0,0,0,0,0,0,0,0,0,1,0,1,,1,0,,,1,0,1,1,1,0,1,,,,,,,,,,,,,,,,,,,
2019_11_28,4,LOSM,4,I,Parana,0,0,0,0,0,,1,0,,0,0,0,0,0,0,0,,0,0,0,1,0,0,0,0,0,1,0,0,0,0,,0,0,1,0,0,0,0,0,0,1,0,0,0,,0,0,0,0,0,0,1,0,0,0,0,0,0,0,0,0,0,0,0,0,0,0,0,0,0,0,0,0,0,0,0,0,1,0,,0,0,,,0,0,0,0,0,0,0,,,,,,,,,,,,,,,,,,,
2019_11_28,4,LGAR,1,C,Parana,0,0,0,0,0,,1,0,,1,0,0,0,0,0,0,,0,0,0,1,1,0,0,0,0,1,0,0,0,0,,0,0,1,0,0,0,0,0,1,1,0,1,0,,1,1,0,0,0,1,0,0,0,1,0,0,1,0,0,0,0,0,0,1,0,0,1,1,0,0,0,0,0,0,0,0,0,0,,1,0,,,0,0,0,0,0,0,0,,,,,,,,,,,,,,,,,,,
2021_12_07,4,LPAT,3,C,Ivinhema,0,0,0,0,0,,0,0,,0,0,0,0,0,0,0,1,0,0,1,0,0,0,0,0,0,0,0,0,0,0,,0,0,0,0,0,1,1,0,0,1,0,1,1,,1,1,0,0,0,1,0,0,0,0,0,0,1,0,0,0,0,0,0,0,0,0,0,0,0,0,0,0,0,0,0,1,1,0,,1,1,,,0,0,1,1,1,0,0,1,1,0,,,,,,,,,,,,,,,,
2021_12_07,4,LVEN,6,I,Ivinhema,1,0,0,0,0,,0,0,,1,0,0,1,0,0,0,0,0,0,0,0,0,0,0,0,0,1,0,0,0,0,,0,0,0,0,0,0,0,0,0,1,0,0,1,,1,1,0,0,0,1,0,0,0,0,0,0,1,0,0,0,0,0,0,0,0,0,0,0,0,0,0,0,0,0,0,1,0,0,1,0,1,1,0,0,0,0,0,0,0,0,0,0,0,,,,,,,,,,,,,,,,
2021_12_08,4,LGUA,2,C,Baa,1,1,0,0,0,,0,0,,0,0,0,0,0,0,0,1,0,0,0,0,0,0,0,0,0,0,0,0,0,0,,0,0,0,0,0,1,0,0,0,1,0,0,1,,0,1,0,0,0,0,0,0,0,0,0,1,1,0,1,0,0,1,0,0,0,0,0,0,0,0,0,0,0,1,1,1,0,1,0,0,0,0,0,0,0,1,1,1,0,0,0,0,0,,,,,,,,,,,,,,,,
2021_12_08,4,LFEC,5,I,Baa,1,1,0,0,0,1,0,0,,1,0,0,0,0,0,0,0,0,0,0,0,0,0,0,0,0,1,0,0,0,0,,0,0,0,0,0,1,0,0,0,1,1,0,1,,1,0,0,0,0,0,0,0,0,0,0,1,1,0,1,0,0,0,0,0,0,0,0,0,0,0,0,0,0,0,1,1,0,0,1,0,1,1,0,0,0,1,0,1,0,0,0,0,1,,,,,,,,,,,,,,,,
2021_12_09,4,LOSM,4,I,Parana,0,0,0,0,0,0,0,0,,0,0,0,0,0,0,0,0,0,0,0,0,0,0,0,0,0,0,0,0,0,0,,0,0,0,0,0,0,0,0,0,0,0,0,0,,0,0,0,0,0,0,0,0,0,0,0,0,0,0,0,0,0,0,0,0,0,0,0,0,0,0,0,0,0,0,0,0,0,0,0,0,0,0,0,0,0,0,0,0,0,0,0,0,0,,,,,,,,,,,,,,,,
2021_12_09,4,LGAR,1,C,Parana,1,0,0,0,0,0,0,0,,1,0,0,0,0,0,0,1,1,1,0,0,0,0,0,0,0,1,0,0,0,0,0,0,0,1,0,0,0,0,0,0,1,0,1,1,,1,1,0,0,0,1,0,0,0,1,0,1,1,0,0,0,0,0,0,0,0,0,0,0,0,0,0,0,0,0,0,1,0,0,0,0,0,0,1,0,0,1,1,1,0,0,0,0,1,,,,,,,,,,,,,,,,
2022_03_15,1,LPAT,3,C,Ivinhema,1,0,0,0,0,0,1,0,,1,1,0,0,0,0,0,1,0,0,0,0,0,0,0,0,0,0,0,0,0,0,1,0,0,0,0,0,0,0,0,0,0,1,1,1,1,1,1,0,0,0,1,0,0,0,0,0,,1,0,0,0,0,0,0,0,0,0,0,0,0,0,0,0,0,0,0,1,0,0,0,1,1,1,0,0,0,1,0,0,0,0,0,1,0,,,,,,,,,,,,,,,,
2022_03_15,1,LVEN,6,I,Ivinhema,0,0,0,0,0,0,0,0,,1,0,0,0,0,0,0,0,0,0,0,0,0,0,0,0,0,0,0,0,0,0,0,0,0,1,0,0,0,0,0,0,0,1,0,0,0,0,1,0,0,0,1,0,0,0,0,1,0,1,0,0,0,0,0,0,0,0,0,0,0,0,0,0,0,0,0,0,0,0,0,1,1,0,0,0,0,0,0,0,0,0,0,0,0,0,,,,,,,,,,,,,,,,
2022_03_17,1,LGUA,2,C,Baa,1,0,,0,,0,,,,0,,,0,,,0,,,,0,,0,,,,,,,,,,1,,,,,,,,,,1,1,,0,,,1,,,,,,,,,1,1,0,,0,,,1,,,,,,,,,,,1,,1,1,,1,0,,0,0,,,,1,1,1,0,,,,0,,,,,,,,,,,,,,,,
2022_03_17,1,LFEC,5,I,Baa,1,1,,1,,1,,,,1,,,0,,,1,,,,1,,1,,,,,,,,,,1,,,,,,,,,,1,1,,1,,,0,,,0,,,,,,,0,1,,1,,,0,,,,,,,,,,,0,,0,1,,0,1,,1,1,,,,1,1,1,1,,,,1,,,,,,,,,,,,,,,,
2022_03_18,1,LOSM,4,I,Parana,,,,,,,,,,1,,,0,,,,,,,,,,,,,,,,,,,,,,,,,,,,,,,,,,,,,,1,,,,,,,,,,,,,,,,,,,,,,,,,,,,,,,,,,,,,,,,,,,,,,,,,,,,,,,,,,,,
2022_03_18,1,LGAR,1,C,Parana,,,,,,,,,,0,,,1,,,,,,,,,,,,,,,,,,,,,,,,,,,,,,,,,,,,,,,,,,,,,,,,,,,,,,,,,,,,,,,,,,,,,,,,,,,,,,,,,,,,,,,,,,,,,,,,,,
2022_06_07,2,LPAT,3,C,Ivinhema,1,,,1,,,1,,,,,,,,,,1,,,1,,1,,,,,,,,,,,,,1,,,,,,,1,1,1,1,,1,1,,,,,,,,,1,,1,,,,,,,,,,,,,,,,,,,,,,,,1,1,,,,1,1,,,,,,1,,,,,,,,,,,,,,,,
2022_06_07,2,LVEN,6,I,Ivinhema,1,,,1,,,,,,,,,,,,,1,,,1,,1,,,,,,,,,,,,,,,,,,,,1,1,1,,,,,,,,1,,,,,,,,,,,,1,,,,,,,,,,,1,,,,1,,,1,,1,,,,1,,1,,,,,1,,,,,,,,,,,,,,,,
2022_06_08,2,LGUA,2,C,Baa,1,,,,,,,,,,,,,,,1,,,,,,,,,,,,,,,,,,,,,,1,,,,1,,,,,,,,,,,,,,,,,1,,,,,,,,,,,,,,,,,,1,1,,1,,,1,,,1,,1,1,1,,,,,,,,,,,,,,,,,,,,,
2022_06_08,2,LFEC,5,I,Baa,1,,,,,,1,,,1,,,,,,1,,,,,,,,,,,,,,,,,,,,,,1,,,,1,,1,1,,,,,,1,,,,,,,,,,,,,,,,,,,,,,,,1,,1,1,1,1,1,,,1,,,,,1,1,,,,,,,,,,,,,,,,,,,,,
2022_06_09,2,LOSM,4,I,Parana,seca,,,,,,,,,,,,,,,,,,,,,,,,,,,,,,,,,,,,,,,,,,,,,,,,,,,,,,,,,,,,,,,,,,,,,,,,,,,,,,,,,,,,,,,,,,,,,,,,,,,,,,,,,,,,,,
2022_06_09,2,LGAR,1,C,Parana,1,,,,,,1,,,1,,,,,,,,,,,,,,,,,,,,,,,,,,,,,,,,1,1,1,,,1,1,,,,,,,,,,,1,,,,,,,,,,1,,,,,,,,,1,,,1,1,,1,,1,,1,1,,,,,,,,,,,,,,,,,,,,,,
2022_12_06,4,LPAT,3,C,Ivinhema,,,,,,,,,,,,,,,,,1,,,1,,1,,,,,,,,,,,,,,,,,,,,1,1,,1,,,1,,,,1,,,,,,,1,,,,,,,,,,,,,,,,,,,1,1,1,1,,,,,,,1,1,1,,,,,,,,,,,,,,,,,,,,,
2022_12_06,4,LVEN,6,I,Ivinhema,,,,,,,,,,,,,,,,,,,,,,,,,,,,,,,,,,,,,,,,,,1,,,,,,1,,,,1,,,,,,,,,,,,,,,,,,,,,,,,,,1,1,,,,,,,,,1,1,1,,,,,,1,,,,,,,,,,,,,,,
2022_12_07,4,LGUA,2,C,Baa,1,,,,,1,,,,,,,,,,,,,,,,1,,,,,,,,,,,,,,1,,1,,,,1,,,,,,,,,,,,,,,1,1,,,1,,,1,,,,,,,,,,,,1,,1,,1,1,,1,1,,,,1,1,1,,,1,,,1,,,,,,,,,,,,,,,
2022_12_07,4,LFEC,5,I,Baa,1,,,,,1,,,1,,,,,,,,,,,,,,,,,,,,,,,1,,,,1,,,,,,1,,,1,,,,,,,1,,,,,1,1,1,,,,,,,,,,,,,,,,,,,1,,,,,,,,1,,1,1,1,,,,,,,,,,,,,,,,,,,,,
2022_12_08,4,LOSM,4,I,Parana,seca,,,,,,,,,,,,,,,,,,,,,,,,,,,,,,,,,,,,,,,,,,,,,,,,,,,,,,,,,,,,,,,,,,,,,,,,,,,,,,,,,,,,,,,,,,,,,,,,,,,,,,,,,,,,,,
2022_12_08,4,LGAR,1,C,Parana,1,,,,,,1,,,,,,,,,,,,,,,,,,,,,,,,,,,,,,,,,,,,1,,,,,1,,,,1,,,,,,,,,,,,,,,,,,,,,,,,,1,1,1,,,,,1,,,,1,1,1,,,,,,,,,,,,,,,,,,,,,
2023_06_06,2,LPAT,3,C,Ivinhema,,,,,,,,,,,,,,,,,1,,,,1,,,,,,,,,,,1,,,,,,1,,,,,1,1,,,,1,,,,1,,1,,,,1,1,,,,,,,,,,,,,,,,,,1,1,1,1,,,1,,,,,1,1,,,,,,,,,,,,,,,,,,,1,,,
2023_06_07,2,LVEN,6,I,Ivinhema,1,,,,,1,,,,,1,,,,,,,,,,,,,,,,,,,,,1,,,,,,1,,,,1,,,,,,1,,,,,,,,,,1,1,,,,,,,,,,,,,,,,,,,1,,,,,,,,,,1,1,,,,,,,,,,,,,,,,,,,,,,
2023_06_07,2,LGUA,2,C,Baa,1,1,,,,,,,,,,,,1,,,,,,,,,,,,,,,,,,1,,,,,,1,,,,1,1,1,1,,,,,,,,,,,,,1,1,,1,,,1,,,,,,,,,,,1,1,1,1,1,1,,,1,,,1,,1,1,,,,,,,,,,,,,,1,,1,,,,,1,
2023_06_07,2,LFEC,5,I,Baa,1,1,,1,,1,,,,,,,1,,,,,,,,,,,,,,,,,,,1,,,,1,,1,,,,1,1,1,1,,,1,,,,,,,,,1,1,1,,,,,,,,,,,,,,,,,,1,1,1,1,,,1,,1,1,,1,1,,,,,,,1,,,,,1,,1,,,1,,,1,1,1
2023_06_07,2,LOSM,4,I,Parana,1,,,,,,,,,,,,,,,,,,,,,,,,,,,,,,,,,,,,,,,,,,,,,,,,,,,,,,,,,,,,1,,,,,,,,,,,,,,,,,,,,,,,,,,,,,,,,,,,,,,,,,,,,,,,,,,
2023_06_06,2,LGAR,1,C,Parana,1,1,,1,,1,,,,1,,,,,,,,1,1,,,,,,,,,,,,,,,,,,,,1,,,1,1,,,,,1,,,,1,,,,,,,1,,,,,,,,,,1,,,,,,,,,1,,,,,,1,,,,1,1,,,,,,,,1,,1,,,,1,,,,,1,,1,
2023_12_05,4,LPAT,3,C,Ivinhema,,,,,,,,,,,,,,,,,,,,,,,,,,,,,,,,,,,,,,,,,,1,,1,,,,1,,,,1,,,,,,,1,,,,,,,,,,,,,,,,,,,1,1,,,1,,,,,,1,1,1,,,1,,,,1,1,1,1,,,,,,,,,,,
2023_12_05,4,LVEN,6,I,Ivinhema,1,,,,,,1,,,,,,,,,,,,,,,,,,,,,,,1,,,,,,,,1,,,,1,,1,,,,,,,,1,,,,,,,,,,,,,,,,,,,,,,,,1,,1,1,,,,,,,,,1,,1,,,,,,,,,,1,1,1,1,1,,,,,,,
2023_12_06,4,LGUA,2,C,Baa,1,1,,1,,1,1,,,,,,,,,,,,,,,,,,,,,,,,,,,,,,,1,,,,,,,1,,1,1,,,,1,,,,,,,1,,1,,,1,,,,,,,,,,,,,1,1,,,,1,,,,1,,,,,,,,,,,,,,,,,1,,1,1,,,,,
2023_12_06,4,LFEC,5,I,Baa,1,1,,,,,,,,,,,,,,,,,,,,,,,,,,,,,,,,,,,,,1,,,,,1,1,,,,,,,1,,,,,,,1,,1,,,,,,,,1,,,,,,,,,1,,,,1,,,,1,,1,,,,,,,,,,,,1,,,,,,,,1,,,
2023_12_07,4,LOSM,4,I,Parana,1,,,1,,1,,,,,,,,,,,,,,,,,,,,,,,,,,1,,,,,,,,,,,,,,,,,,1,,,,,,,,,,,,,,,,,,,,,,,,,,,,,1,,,,,,,,,,,,,,,,,,,,1,,,,,,,,1,,,,
2023_12_07,4,LGAR,1,C,Parana,1,,,,,,,,,,,,,,,,,,,,,,,,,,,,,,,,,,,,,,,,,,,,,,,,,,,,,,,,,,,,,,,,,,,,,,,,,,,,,,,,,,,,,,,,,,,,,,,,,,,,,,,,,,,,,,
